:020000040800F2
:1000000000300020D1240008212500082125000807
:1000100021250008212500082125000800000000F6
:100020000000000000000000000000002125000882
:10003000212500080000000021250008196800089B
:100040002125000821250008212500082125000878
:100050002125000821250008212500082125000868
:10006000212500082125000821250008296800080D
:100070002125000821250008212500082125000848
:10008000356800084168000821250008212500087E
:100090002125000821250008212500082125000828
:1000A0002125000821250008212500082125000818
:1000B0002125000821250008000000002125000856
:1000C0002125000800000000000000002125000894
:1000D00000000000212500084D68000821250008C7
:1000E0002125000821250008000000000000000074
:1000F0000000000000000000000000000000000000
:1001000000000000000000000000000000000000EF
:100110000000000000000000212500082125000843
:1001200000000000000000000000000000000000CF
:1001300000000000000000000000000000000000BF
:1001400021250008212500080000000021250008C5
:100150002125000821250008212500082125000867
:1001600021250008212500080000000000000000F3
:10017000000000000000000000000000000000007F
:08018000000000002125000829
:1001900081F0004102E000BF83F0004330B54FEA38
:1001A00041044FEA430594EA050F08BF90EA020FA5
:1001B0001FBF54EA000C55EA020C7FEA645C7FEA38
:1001C000655C00F0E2804FEA5454D4EB5555B8BF5B
:1001D0006D420CDD2C4480EA020281EA030382EACC
:1001E000000083EA010180EA020281EA0303362D5E
:1001F00088BF30BD11F0004F4FEA01314FF4801C31
:100200004CEA113102D0404261EB410113F0004F42
:100210004FEA03334CEA133302D0524263EB4303F9
:1002200094EA050F00F0A780A4F10104D5F1200E97
:100230000DDB02FA0EFC22FA05F2801841F10001F2
:1002400003FA0EF2801843FA05F359410EE0A5F1C6
:1002500020050EF1200E012A03FA0EFC28BF4CF0F7
:10026000020C43FA05F3C01851EBE37101F00045AD
:1002700007D54FF0000EDCF1000C7EEB00006EEBBA
:100280000101B1F5801F1BD3B1F5001F0CD3490844
:100290005FEA30004FEA3C0C04F101044FEA44529B
:1002A00012F5800F80F09A80BCF1004F08BF5FEA22
:1002B000500C50F1000041EB045141EA050130BD02
:1002C0005FEA4C0C404141EB0101013C28BFB1F514
:1002D000801FE9D291F0000F04BF01460020B1FA5F
:1002E00081F308BF2033A3F10B03B3F120020CDA32
:1002F0000C3208DD02F1140CC2F10C0201FA0CF010
:1003000021FA02F10CE002F11402D8BFC2F1200C74
:1003100001FA02F120FA0CFCDCBF41EA0C0190402A
:10032000E41AA2BF01EB0451294330BD6FEA040473
:100330001F3C1CDA0C340EDC04F11404C4F120025E
:1003400020FA04F001FA02F340EA030021FA04F370
:1003500045EA030130BDC4F10C04C4F1200220FAC7
:1003600002F001FA04F340EA0300294630BD21FA05
:1003700004F0294630BD94F0000F83F4801306BFCB
:1003800081F480110134013D4EE77FEA645C18BFBF
:100390007FEA655C29D094EA050F08BF90EA020F56
:1003A00005D054EA000C04BF1946104630BD91EA4E
:1003B000030F1EBF0021002030BD5FEA545C05D151
:1003C0004000494128BF41F0004130BD14F5800490
:1003D0003CBF01F5801130BD01F0004545F0FE4104
:1003E00041F470014FF0000030BD7FEA645C1ABF39
:1003F000194610467FEA655C1CBF0B46024650EA70
:10040000013406BF52EA033591EA030F41F400219B
:1004100030BD00BF90F0000F04BF0021704730B521
:100420004FF4806404F132044FF000054FF00001F6
:1004300050E700BF90F0000F04BF0021704730B5B7
:100440004FF4806404F1320410F0004548BF40428C
:100450004FF000013EE700BF42004FEAE2014FEAE1
:1004600031014FEA02701FBF12F07F4393F07F4FBC
:1004700081F06051704732F07F4208BF704793F0BF
:100480007F4F04BF41F40021704730B54FF46074D2
:1004900001F0004521F000411CE700BF50EA0102D5
:1004A00008BF704730B54FF000050AE050EA01027E
:1004B00008BF704730B511F0004502D5404261EBEE
:1004C00041014FF4806404F132045FEA915C3FF42F
:1004D000D8AE4FF003025FEADC0C18BF03325FEACC
:1004E000DC0C18BF033202EBDC02C2F1200300FA7D
:1004F00003FC20FA02F001FA03FE40EA0E0021FAA2
:1005000002F11444BDE600BF4FEA4102B2F1E043FC
:1005100024BFB3F5001CDCF1FE5C0DD901F0004CEA
:100520004FEAC0024CEA5070B2F1004F40EB83003A
:1005300008BF20F00100704711F0804F21D113F166
:100540003872BCBF01F00040704741F480114FEA9F
:100550005252C2F11802C2F1200C10FA0CF320FA28
:1005600002F018BF40F001004FEAC1234FEAD32345
:1005700003FA0CFC40EA0C0023FA02F34FEA4303AF
:10058000CCE77FEA625307D150EA01331EBF4FF038
:10059000FE4040F44000704701F0004040F0FE4053
:1005A00040F40000704700BF034613F8012B002AF7
:1005B000FBD1181A0138704700000000000000004D
:1005C00001F0FF01102A2BDB10F0070F08D010F804
:1005D000013B013A8B422DD010F0070F42B3F6D108
:1005E000F0B441EA012141EA014122F007047FF021
:1005F00000070023F0E80256083C85EA010586EA78
:10060000010685FA47F5A3FA87F586FA47F6A5FAB3
:1006100087F68EB9EED1F0BC01F0FF0102F00702BF
:1006200032B110F8013B013A83EA010313B1F8D16A
:100630000020704701387047002D06BF354603384B
:10064000073815F0010F07D1013015F4807F02BF84
:10065000013015F4C03F0130F0BC0138704700BFD5
:1006600070B54FF0FF0C4CF4E06C1CEA11541DBF48
:100670001CEA135594EA0C0F95EA0C0F00F0DEF813
:100680002C4481EA030621EA4C5123EA4C5350EAF8
:10069000013518BF52EA033541F4801143F4801349
:1006A00038D0A0FB02CE4FF00005E1FB02E506F0DA
:1006B0000042E0FB03E54FF00006E1FB03569CF02F
:1006C000000F18BF4EF0010EA4F1FF04B6F5007F35
:1006D00064F5407404D25FEA4E0E6D4146EB0606A7
:1006E00042EAC62141EA55514FEAC52040EA5E5030
:1006F0004FEACE2EB4F1FD0C88BFBCF5E06F1ED8DA
:10070000BEF1004F08BF5FEA500E50F1000041EB10
:10071000045170BD06F0004646EA010140EA0200BD
:1007200081EA0301B4EB5C04C2BFD4EB0C0541EADF
:10073000045170BD41F480114FF0000E013C00F3F4
:10074000AB8014F1360FDEBF002001F0004170BD18
:10075000C4F10004203C35DA0C341BDC04F1140431
:10076000C4F1200500FA05F320FA04F001FA05F2BD
:1007700040EA020001F0004221F0004110EBD3708A
:1007800021FA04F642EB06015EEA430E08BF20EAB6
:10079000D37070BDC4F10C04C4F1200500FA04F359
:1007A00020FA05F001FA04F240EA020001F00041EB
:1007B00010EBD37041F100015EEA430E08BF20EA5E
:1007C000D37070BDC4F1200500FA05F24EEA020EA6
:1007D00020FA04F301FA05F243EA020321FA04F0D5
:1007E00001F0004121FA04F220EA020000EBD3708C
:1007F0005EEA430E08BF20EAD37070BD94F0000F8C
:100800000FD101F00046400041EB010111F4801FBF
:1008100008BF013CF7D041EA060195F0000F18BF70
:10082000704703F00046520043EB030313F4801FAC
:1008300008BF013DF7D043EA0603704794EA0C0F66
:100840000CEA135518BF95EA0C0F0CD050EA41067C
:1008500018BF52EA4306D1D181EA030101F00041F9
:100860004FF0000070BD50EA410606BF1046194621
:1008700052EA430619D094EA0C0F02D150EA01362D
:1008800013D195EA0C0F05D152EA03361CBF10466E
:1008900019460AD181EA030101F0004141F0FE410D
:1008A00041F470014FF0000070BD41F0FE4141F491
:1008B000780170BD70B54FF0FF0C4CF4E06C1CEA91
:1008C00011541DBF1CEA135594EA0C0F95EA0C0F46
:1008D00000F0A7F8A4EB050481EA030E52EA033501
:1008E0004FEA013100F088804FEA03334FF0805522
:1008F00045EA131343EA12634FEA022245EA11154F
:1009000045EA10654FEA00260EF000419D4208BFFF
:10091000964244F1FD0404F5407402D25B084FEAAC
:100920003202B61A65EB03055B084FEA32024FF458
:1009300080104FF4002CB6EB020E75EB030E22BFB5
:10094000B61A754640EA0C005B084FEA3202B6EB75
:10095000020E75EB030E22BFB61A754640EA5C0024
:100960005B084FEA3202B6EB020E75EB030E22BFB4
:10097000B61A754640EA9C005B084FEA3202B6EBB5
:10098000020E75EB030E22BFB61A754640EADC0074
:1009900055EA060E18D04FEA051545EA16754FEAD6
:1009A00006164FEAC30343EA52734FEAC2025FEAF4
:1009B0001C1CC0D111F4801F0BD141EA00014FF083
:1009C00000004FF0004CB6E711F4801F04BF014354
:1009D0000020B4F1FD0C88BFBCF5E06F3FF6AFAE70
:1009E000B5EB030C04BFB6EB020C5FEA500C50F100
:1009F000000041EB045170BD0EF0004E4EEA113183
:100A000014EB5C04C2BFD4EB0C0541EA045170BD89
:100A100041F480114FF0000E013C90E645EA060ECD
:100A20008DE60CEA135594EA0C0F08BF95EA0C0FFB
:100A30003FF43BAF94EA0C0F0AD150EA01347FF443
:100A400034AF95EA0C0F7FF425AF104619462CE71A
:100A500095EA0C0F06D152EA03353FF4FDAE10467D
:100A6000194622E750EA410618BF52EA43067FF4CE
:100A7000C5AE50EA41047FF40DAF52EA43057FF45E
:100A8000EBAE12E74FF0FF3C06E000BF4FF0010C69
:100A900002E000BF4FF0010C4DF804CD4FEA410CCD
:100AA0007FEA6C5C4FEA430C18BF7FEA6C5C1BD09A
:100AB00001B050EA410C0CBF52EA430C91EA030F1B
:100AC00002BF90EA020F0020704710F1000F91EA78
:100AD000030F58BF994208BF90422CBFD8176FEA46
:100AE000E37040F0010070474FEA410C7FEA6C5C14
:100AF00002D150EA013C07D14FEA430C7FEA6C5C1B
:100B0000D6D152EA033CD3D05DF8040B704700BF46
:100B10008446104662468C461946634600E000BF94
:100B200001B5FFF7B7FF002848BF10F1000F01BD66
:100B30004DF808EDFFF7F4FF0CBF012000205DF831
:100B400008FB00BF4DF808EDFFF7EAFF34BF0120B6
:100B500000205DF808FB00BF4DF808EDFFF7E0FF4F
:100B600094BF012000205DF808FB00BF4DF808EDA0
:100B7000FFF7CEFF94BF012000205DF808FB00BF07
:100B80004DF808EDFFF7C4FF34BF012000205DF8E9
:100B900008FB00BF4A0011D212F5001211D20DD588
:100BA0006FF47873B3EB62520ED44FEAC12343F073
:100BB000004343EA505323FA02F070474FF000001D
:100BC000704750EA013002D14FF0FF3070474FF0CC
:100BD000000070470348044B834202D0034B03B12B
:100BE00018477047E0010020E001002000000000ED
:100BF0000548064B1B1AD90F01EBA301491002D07F
:100C0000034B03B118477047E0010020E0010020CA
:100C10000000000010B5064C237843B9FFF7DAFF57
:100C2000044B13B10448AFF300800123237010BDBF
:100C3000E001002000000000389F000808B5054BC7
:100C40001BB105490548AFF30080BDE80840FFF738
:100C5000CFBF00BF00000000E4010020389F000863
:100C600000B52B498BB04FF0A04200230A6001224F
:100C7000CDE90133CDE90333CDE90533CDE90733C0
:100C8000C1E9013309930A6181F8202081F83020FD
:100C9000CB6008220B834B6302234A614B62CB611A
:100CA0004FF480624FF4E0730846C1E90A3201F064
:100CB00013FDF8B900231648019301A902F054FA74
:100CC00010BB002301224FF0030C114804A9CDE909
:100CD0000422CDE906C3CDE9083302F009F880B952
:100CE00002230B4804A9CDE9043302F001F820B92E
:100CF0000BB000BD00F010FFDCE700F00DFF0BB003
:100D000000BD00F009FFEBE700F006FFD9E700BFE8
:100D10009402002000B51B481B4987B00023012224
:100D200001600421CDE90033CDE90233CDE904337C
:100D3000C0E90133C0E90A23036180F82030C360B1
:100D4000C26180F8303041610383436301F0C4FC29
:100D500080B9002301224FF0020C0A486946CDE910
:100D60000022CDE902C3CDE9043301F0C1FF20B96F
:100D700007B000BD00F0D0FEEBE700F0CDFE07B0FD
:100D800000BD00BF44020020000100500000000030
:100D900010B502688AB00023B2F1A04FCDE9043348
:100DA000CDE9063308931FD0394B9A4201D00AB0DF
:100DB00010BD384A13680133012B136053D0364BF2
:100DC0005A6942F400325A615B699FED2F7B03F44C
:100DD0000033039304A94FF090408DED047B039BF7
:100DE00002F0A6FC0AB010BD2A4A13680133012B99
:100DF000044613602CD0284B5A6942F400325A61E1
:100E00005B6903F400330193032204A903234FF029
:100E10009040CDE90423019B02F08AFC1F4B20483F
:100E200000228021C3E90002C3E902214FF480704F
:100E30004FF48061C3E9040120211846C3E906127A
:100E400002F0E4FA154BC8B9A3635C620AB010BDA6
:100E5000114B5A6942F080525A615B6903F080532A
:100E60000093009BC7E70C4B5A6942F080525A61CD
:100E70005B6903F080530293029BA0E700F04CFEF5
:100E8000064BE1E7AFF30080100000000300000014
:100E900000010050FC010020001002400002002070
:100EA00008000240704700BF08B5144801F0EEFD8D
:100EB00018B1134B93ED000A08BD10480A2101F048
:100EC00069FE0028F5D10D4801F0F8FE02B20C4B86
:100ED000DFED0C6A93ED000A9FED0B7A07EE902A86
:100EE000F8EEE77A20EE070A67EEA67A9FED077A1A
:100EF000A7EE870A83ED000A08BD00BF4402002068
:100F0000000000200000A53D6666663FCDCCCC3DCC
:100F1000D0ED067A90ED087A90ED076A80ED027ABE
:100F2000F0EE676AF0EE005AD7EE656A77EE867AE1
:100F3000C0ED016A77EE877AC0ED007A01B970479B
:100F40000023C36003614361704700BF38B131B112
:100F50002AB10023C0E90012C0E9023303617047DF
:100F6000C0B102680346AAB1406898B110B51C69C7
:100F7000A04213D310D09C681155D3E901C219695E
:100F800001320131B2FBFCFE0CFB1E2200209A60F4
:100F9000196110BD03207047022010BD032010BD51
:100FA000E8B102680346D2B14068C0B1D3F810C0BE
:100FB000604514D3BCF1000F13D010B5DC68125D8E
:100FC0000A70DA68D3F804C0196901320139B2FB3A
:100FD000FCFE0CFB1E22C3E90321002010BD0320F0
:100FE00070470120704700BF48B1036833B14368C0
:100FF00023B10069834238BF00207047184670470C
:101000002DE9F0470024114E114D124FDFF848A092
:10101000DFF84890A0460AEB040130464FF4807296
:10102000FFF794FF09EB040128464FF4807204F5A2
:101030008074FFF78BFFB4F5407F47F8048B06F10F
:10104000140605F11405E6D1BDE8F0872C0900204F
:10105000F0050020E40200202C060020F002002011
:10106000022801D90020704708B5054B00EB80002D
:1010700003EB8000FFF774FFB0FA80F0400908BD71
:101080002C090020022812D88AB170B50A4E00EB54
:1010900080004C1E06EB8006151914F8011F30461F
:1010A000FFF75EFF28B9AC42F7D1012070BD0020E8
:1010B0007047002070BD00BFF0050020022801D954
:1010C00000207047034B00EB800003EB8000FFF72C
:1010D0008BBF00BF2C090020022802D809B1136879
:1010E0000BB9002070472DE9F041124D00EB800054
:1010F00005EB80051646284690460C46FFF774FF20
:101100003368984228BF1846074668B1261802E09F
:101110000134B44208D021462846FFF741FF002899
:10112000F6D00020BDE8F081C8F800700120BDE8CD
:10113000F08100BF2C09002028B10378022B9CBF4E
:10114000014A42F823007047E4020020022802D836
:1011500009B113680BB9002070472DE9F041124D19
:1011600000EB800005EB80051646284690460C46AD
:10117000FFF73AFF3368984228BF1846074668B120
:10118000261802E00134B44208D021462846FFF771
:1011900007FF0028F6D00020BDE8F081C8F80070F5
:1011A0000120BDE8F08100BFF005002000B5134B21
:1011B000586940F0010083B058615B69002203F078
:1011C0000103114601930B20019B02F0A7F80B20AD
:1011D00002F0F2F800221146102002F09FF81020D1
:1011E00002F0EAF800221146112002F097F81120CF
:1011F00003B05DF804EB02F0DFB800BF001002405E
:10120000014B00221A60704768090020012801D9AB
:1012100000207047044A012312688340134214BF20
:1012200001200020704700BF68090020012806D86F
:10123000034901220B68824023EA02030B607047D6
:101240006809002030B500248DB0CDE90644CDE911
:101250000844414B0A945A69404842F400225A61BA
:101260005A6902F400220192019A5A6942F48002FA
:101270005A615A6902F480020292029A5A6942F44F
:1012800000325A615A6902F400320392039A5A6991
:1012900042F480225A615A6902F480220492049A2C
:1012A0005A6942F480125A615B6903F48013224642
:1012B00005930221059B02F09FFB224620214FF05F
:1012C000904002F099FB4FF400524FF4041306A92A
:1012D00022480894CDE9062302F02AFA41F6FD429D
:1012E000032306A91D480894CDE90623012502F031
:1012F0001FFA022306A91948CDE90635CDE90844AD
:1013000002F016FA202306A94FF09040CDE90635E9
:10131000CDE9084402F00CFA49F2C002032306A901
:101320004FF09040CDE90623089402F001FA40F610
:10133000F742032306A90A480894CDE9062302F0E0
:10134000F7F9042203230748089406A9CDE90623E8
:1013500002F0EEF90DB030BD001002400008004868
:1013600000040048000C0048094B02689A4200D073
:10137000704703F51C4382B09A6942F000529A61AB
:101380009B6903F000530193019B02B0704700BFBB
:101390000074014030B50168294A8BB000239142A6
:1013A000CDE90433CDE90633089301D00BB030BD4D
:1013B00002F51C424FF47040516941F480215161A3
:1013C000516901F4802101910199516941F4002191
:1013D0005161516901F4002102910299516941F46E
:1013E00000315161526902F4003203920221CDE9C9
:1013F0000401032203981348079204A90D2402252F
:10140000089402F095F94FF440710322CDE90415D8
:10141000002304A90C480892CDE9063202F088F9AD
:1014200003220023CDE9063204A94FF470634FF084
:10143000904005950894049302F07AF90BB030BD02
:10144000007401400004004800080048000000004B
:1014500010B50024B2B0542221461CA8CDE907449F
:10146000009406940194099406F094FC24222146E9
:1014700013A8CDE90344059406F08CFC20222146F4
:101480000AA806F087FCB64AB64B13601046C2E9BC
:10149000014402F053FB002840F0B981B0480C2110
:1014A00002F0DEFB002840F0BB81AD480A2102F0CB
:1014B00031FC002840F0BD819FEDA57BA8486A461D
:1014C00001218DED007B02F0B3FC002840F0218269
:1014D0000023CDE907334FF47A430693A04808234D
:1014E00006AA0521099302F03FFC002840F00E8275
:1014F0000023CDE91C33CDE91E33CDE92133CDE9FD
:101500002333CDE92533CDE92733954801231CAAA0
:101510000521209302F01AFD002840F0F4814FF4D9
:10152000FA7303938E4803AB0122052103F01AF8E6
:10153000002840F0E5814FF4FA430393884803AB59
:101540000222052103F00EF8002840F0D68147F66C
:10155000F4630393824803AB0422052103F002F8ED
:10156000002840F0C7814FF6DF7306937C481023B4
:1015700006AA0021099302F0F7FB002840F0B7818A
:101580009FED757B4FF4807300212C9374482B9151
:1015900010231CAACDE92911CDE92D118DED1C7B5D
:1015A00030912F9302F0D2FC002840F09D8140231F
:1015B0006B482F931CAA012102F0C8FC002840F0C0
:1015C0009081102366482F931CAA022102F0BEFCD2
:1015D000002840F0838100232D93614840231CAAFA
:1015E00003212F9302F0B2FC002840F07481002305
:1015F0001C935B4810231CAA04212F9302F0A6FC25
:10160000002840F0658144F6DF730393544803AB30
:101610000122002102F0A6FF002840F05681642339
:101620004FF40042149318934FF48043CDE91623EE
:101630004FF000404FF080430021CDE91A0313AA78
:10164000474813911591199102F0F2FE002840F0DD
:101650003981434813AA012102F0EAFE002840F034
:101660002E813F4813AA022102F0E2FE002840F03A
:1016700023813B4813AA032102F0DAFE002840F040
:101680001881374813AA042102F0D2FE002840F046
:101690000D8100210423CDE90A1308230C9330485F
:1016A00011910AAB0122CDE90D11CDE90F1103F023
:1016B00035F8002840F0F78029480AAB04220121C0
:1016C00003F02CF8002840F0EB8025480AAB1022EC
:1016D000022103F023F8002840F0DF8020480AAB05
:1016E0004022032103F01AF8002840F0D3801C4860
:1016F0000AAB4FF48072042103F010F8002840F088
:10170000C680002116480AAB0222CDE90B1103F076
:1017100005F8002840F0B88011480AAB08220121E2
:1017200002F0FCFF002840F0AC800D480AAB2022FC
:10173000022102F0F3FF002840F0A08008480AAB25
:101740008022032102F0EAFF0EE000BFAFF3008029
:101750000000000005000000000000000000000084
:101760007009002000740140002840F084806A481D
:101770000AAB4FF40072042102F0D0FF002877D1A9
:1017800008236548099306AA012102F0EDFA002812
:101790006BD10122604803AB114602F0E3FE002842
:1017A00060D15D4806AA022102F0DEFA002856D177
:1017B00045F6DF710391584803AB0122022102F084
:1017C000D1FE002848D1544806AA032102F0CCFAE1
:1017D00000283ED1504803AB0122032102F0C2FE93
:1017E000002833D14C4806AA042102F0BDFA50BBB0
:1017F00046F6DF744848039403AB0122042102F04B
:10180000B1FEC8B94448FFF7C5FD32B010BD00F0C5
:1018100083F941480C2102F023FA00283FF445AE39
:1018200000F07AF93C480A2102F074FA00283FF4EB
:1018300043AE00F071F93FE600F06EF93648FFF76D
:10184000A9FD32B010BD00F067F9D1E700F064F9EE
:10185000C8E700F061F9BDE700F05EF9B3E700F01A
:101860005BF9A5E700F058F99BE700F055F990E720
:1018700000F052F984E700F04FF978E700F04CF9F6
:101880005CE700F049F950E700F046F944E700F062
:1018900043F936E700F040F929E700F03DF91DE78C
:1018A00000F03AF911E700F037F905E700F034F9F4
:1018B000EFE600F031F9E4E600F02EF9D9E600F0A9
:1018C0002BF9CEE600F028F9C3E600F025F9A6E6EC
:1018D00000F022F997E600F01FF988E600F01CF905
:1018E00079E600F019F96CE600F016F95FE600F011
:1018F00013F945E600F010F935E600F00DF926E69B
:1019000000F00AF917E600F007F908E600F004F91C
:10191000EEE500F001F9DBE570090020704700BF3B
:10192000DFED107A9FED107A104A20EE270A01466B
:10193000C0EE077AFCEEE77A17EE903AB3F57A4FED
:1019400028BF4FF47A43136038B1012800D07047A4
:101950000748064B0A4602F005BE0548034B012224
:1019600002F000BE00007A470000C8424C0A002086
:10197000700900200148052102F056BF70090020BF
:1019800010B51C4B5A6942F4802288B05A615A69DA
:1019900002F480220092009ADA6942F40012DA61BD
:1019A000DB694FF44070122103F400130024CDE9E9
:1019B00002010193032204230F48069302A9CDE9F3
:1019C0000442DDF804C001F0B3FE0C480C490D4A96
:1019D0000123C0E90012C0E90243C0E90444C0E9A0
:1019E000074403F0B7F808B908B010BD00F094F848
:1019F00008B010BD0010024000040048580A002042
:101A0000005400400E09002010B5012296B04FF49A
:101A10008033CDE90C23012300244FF480320221CE
:101A200010930CA84FF4E013CDE914231391CDE9E2
:101A30000E44CDE91144CDE90044CDE90244CDE99D
:101A40000444CDE90644CDE90844CDE90A4403F055
:101A500037FA0F23009302214FF480636846CDE9E3
:101A60000114CDE9033403F083FD4FF481414FF4B9
:101A700080724FF4805305A8059109920B9303F0EF
:101A8000BBFE16B010BD00BF08B500F073FDFFF738
:101A9000BBFFFFF7D7FBFFF789FB05F0DBF8FFF78C
:101AA000D7FCFFF7DDF8FFF735F9FFF769FFFFF720
:101AB000A7FA05F08BF900F085FBFFF7F3F900F0CA
:101AC00081F8FFF72BFFFFF79BFB00F0B9FA0E49F7
:101AD0001422002000F0BCFA0C491422012000F06E
:101AE000B7FA0B491422022000F0B2FA0949142275
:101AF000032000F0ADFAFFF73DFF05F081F900F09B
:101B0000B9FA30BFFBE700BFB9690008196B0008DC
:101B10007D6A0008396B0008704700BF704700BF3E
:101B200002484FF48062002106F034B9340B0020E3
:101B30002DE9F04100261F4C1F4F82B0B0466425AE
:101B400066F04F0C009502232246782184F801C0EC
:101B50001A4884F8008003F0B9F84FF4007C02239F
:101B6000009522467821A4F800C0144803F0AEF88E
:101B70004FF4805C022300952246A4F800C078212F
:101B80000E4803F0A3F84023394680220C48237006
:101B9000013606F08CF90948009581237821224608
:101BA00003F094F8082E07F18007C8D102B0BDE811
:101BB000F08100BFAC0A0020340B0020580A00203E
:101BC000AD0A002070B5642082B0794E642400F024
:101BD000F5FC4FF42E4200940223328078213246E5
:101BE000744803F073F84FF4554200940223328096
:101BF000782132466F4803F069F84FF400420094B0
:101C000002233280782132466A4803F05FF84FF4AD
:101C1000284200940223328078213246654803F03E
:101C200055F84FF47C5200940223328078213246DA
:101C3000604803F04BF84FF4534200250094022310
:101C40003280782132465B4803F040F800943246F7
:101C5000022335807821574803F038F84FF4804349
:101C600000943246338078210223524803F02EF844
:101C70004FF40D43009432463380782102234D48BF
:101C800003F024F84FF4A0530094324633807821B7
:101C90000223484803F01AF84FF42D4300943246CB
:101CA000338078210223434803F010F84FF40B43AC
:101CB000009432463380782102233E4803F006F830
:101CC0004FF421430094324633807821022339486F
:101CD00002F0FCFF4FF448430094324633807821F1
:101CE0000223344802F0F2FF4FF45A430094324684
:101CF0003380782102232F4802F0E8FF4FF49053FD
:101D0000009432463380782102232A4802F0DEFF15
:101D10004FF4014300943246338078210223254852
:101D200002F0D4FF4FF4FE43009432463380782112
:101D30000223204802F0CAFF4FF4005300943246B9
:101D40003380782102231B4802F0C0FF0094324602
:101D5000022335807821174802F0B8FF4FF424435E
:101D600000943246338078210223124802F0AEFFFD
:101D70004FF42643009432463380782102230D48E5
:101D800002F0A4FF4FF42F42009402233280782106
:101D90003246084802F09AFF4FF48062294606480E
:101DA00005F0F8FF02B0BDE87040FFF7C1BE00BF0C
:101DB000AC0A0020580A0020340B0020037863B3DB
:101DC00070B5164D164C0022203BDBB25A2B1BD8A7
:101DD00003EB430302EBC11C05EB4303A44402F1F4
:101DE000060E7F2ADCBF1E788CF800600132724537
:101DF00003F101030CF1010CF3D110F8013F5FFA7C
:101E00008EF2002BE0D170BD10F8013F02F1060EFA
:101E10005FFA8EF2002BD7D1F5E770475CA500087A
:101E2000340B002003785BB370B5164D164C203B85
:101E3000DBB25A2B1BD803EB430302EBC11C05EBAF
:101E40004303A44402F1060E7F2ADCBF1E788CF8FF
:101E500000600132724503F101030CF1010CF3D172
:101E600010F8013F5FFA8EF2002BE0D170BD10F840
:101E7000013F02F1060E5FFA8EF2002BD7D1F5E793
:101E8000704700BF5CA50008340B0020FDEEC07A4F
:101E90009FED247A244AF8EEE76A70B530EE660AC0
:101EA00086B020EE070A0C46BDEEC00A0C2110EEEB
:101EB000103A002BB8BF5B420093054617EE903AEC
:101EC0000DEB010005F0F0FE9DF80C300BB3174E42
:101ED000DFF85CE00DF10C0C203BDBB25A2B1AD87A
:101EE00003EB430304EBC511224606EB43037144A5
:101EF000A01D7F2ADCBF1C780C700132824203F1E6
:101F0000010301F10101F4D11CF8013FC4B2002B1F
:101F1000E2D106B070BD1CF8013FA01DC4B2002B79
:101F2000DAD1F6E70000C842509F00085CA500081F
:101F3000340B002000487047340F00200023DFF8E6
:101F400030C00A4A0360012143608360C3600361BB
:101F5000436180ED060AC0ED070A80ED081AC0F85B
:101F600024C0826280F82C10FEF7D2BF0000C84265
:101F70000000C8C280ED090AC0ED0A0A704700BF20
:101F800090F82C308BB3D0ED036A90ED0C7AD0ED45
:101F9000017A90ED006AD0ED045A90ED025AC0ED3E
:101FA000046A37EE407A66EEA77A90ED0A0A80ED71
:101FB000037AE7EE067A90ED056AE5EE257A77EE8C
:101FC000867AB4EEE70AF1EE10FAC0ED057A02D592
:101FD00080ED050A704790ED090AB4EEE70AF1EECC
:101FE00010FAF5DCB0EE670A70479FED010A704702
:101FF0000000000080ED0C0A704700BF80ED060A6B
:102000000021FEF785BF00BF80ED070A0021FEF723
:102010007FBF00BF80ED080A0021FEF779BF00BF37
:1020200090ED0C0A704700BF90ED060A704700BFA4
:1020300090ED070A704700BF90ED080A704700BF97
:1020400002484022002105F0A5BE00BF700F00200D
:1020500003280BD8064B4FEA001C03EB001043F893
:102060000C100021C0E9012101230373704700BF58
:10207000700F0020124B03F140011A7BDAB11A688D
:10208000CAB110B582B0D3E90104844205D30193EB
:102090009047019B0B4900229A6010338B4208D075
:1020A0001A7B002AF9D01A68002AECD110338B422F
:1020B000F6D102B010BD10338B42DED1704700BFA5
:1020C000700F0020B00F00200848094B0268013251
:1020D00003F1400102601A7B22B15A6812B19A687A
:1020E00001329A6010339942F5D17047680F002091
:1020F000700F002000B583B08DED010AFFF71AFFC5
:102100009DED010A03B05DF804EBFFF777BF00BF58
:1021100000B583B08DED010AFFF70CFF9DED010ABC
:1021200003B05DF804EBFFF76FBF00BF00B583B0ED
:102130008DED010AFFF7FEFE9DED010A03B05DF88B
:1021400004EBFFF767BF00BF08B5FFF7F3FEBDE87C
:102150000840FFF769BF00BF08B5FFF7EBFEBDE819
:102160000840FFF765BF00BF08B5FFF7E3FEBDE815
:102170000840FFF761BF00BF00B583B08DED010AD5
:10218000FFF7D8FE9DED010A03B05DF804EBFFF701
:1021900031BF00BF08B5FFF7CDFEBDE80840FFF72F
:1021A0003FBF00BFFEF780BE054B1B6801461BB159
:1021B0001A680AB159681047084604F043BE00BFC8
:1021C000DC0F0020154BDFF860C0C3F800C0DFF85B
:1021D0005CC0C3F804C0DFF858C0C3F808C0DFF81B
:1021E00054C0C3F80CC0DFF850C0C3F810C0DFF80B
:1021F0004CC0C3F814C0DFF848C0C3F818C0DFF8FB
:1022000044C007480749C3F81CC0DFF83CC003605E
:102210000022C3E908C20A60704700BFB00F002067
:10222000D80F0020DC0F0020A52100089521000810
:1022300079210008F5200008112100082D2100084F
:10224000492100085921000869210008014B186044
:10225000704700BFDC0F002070B5884D2C688AB035
:10226000002C5AD086490522064605F09BFD002821
:1022700055D084490422304605F094FD08B38249C4
:102280000422304605F08EFD002827D1A36823B133
:10229000606AB3EE090A98472C68E36823B1606A64
:1022A0009FED7A0A98472C68236923B1606A9FEDF5
:1022B000770A98472C6863691BB1606A9FED730ABF
:1022C0009847734B1B68002B58D01A68002A55D0CA
:1022D000596870480AB0BDE8704010476E490A223C
:1022E000304605F05FFD00284ED12368606A9847AC
:1022F00010EE100AFEF7B0F8684ACDE9000120217F
:1023000002A805F0D1FC624B1B68002B58D01A685C
:10231000002A55D0596802A890470AB070BD5C4B9E
:102320001B683BB11A682AB159685D480AB0BDE81C
:10233000704010475A480AB0BDE8704004F082BDB2
:1023400006F1080004F0CCFD51EC100BFEF7DCF8B0
:1023500000EE100AB5EEC00AF1EE10FA3EDBDFED3A
:10236000517AB4EEE70AF1EE10FA37D82B689A6882
:10237000586A9047464B1B68002BA6D145480AB0C7
:10238000BDE8704004F05EBD47490822304605F0C4
:1023900009FDC8B145490822304605F003FD002873
:1023A000CED043490722304605F0FCFC70B9A36942
:1023B000606A984710EE100AFEF74EF83D4A9CE717
:1023C00002A804F03FFDA8E763688FE73A490722B7
:1023D000304605F0E7FC48B9E369E9E72C4B1B6898
:1023E00063B11A6852B15968344873E73449072217
:1023F000304605F0D7FC18B9236AD9E72F489AE789
:1024000030490722304605F0CDFC00B32E490722A3
:10241000304605F0C7FC70B32C490722304605F062
:10242000C1FC00287FF479AF6469F01D04F058FD09
:1024300051EC100BFEF768F82D6800EE100A686A80
:10244000A04714480AB0BDE87040FFF7ADBEF01DCC
:10245000E46804F045FD2B6851EC100B5D6AFEF753
:1024600053F800EE100A2846A047094B1B68002BC2
:102470007FF42BAF82E72469F01DD7E7D80F002047
:10248000589F00087C9F00088C9F000800000000F7
:10249000DC0F0020849F0008949F0008A09F000884
:1024A000609F000800004843A89F0008B49F0008F0
:1024B000C89F0008D09F0008D89F0008C09F000850
:1024C000E09F0008E89F0008F09F0008F89F0008C0
:1024D000DFF834D0002103E00C4B5B58435004314B
:1024E0000B480C4B42189A42F6D30B4A02E00023E9
:1024F00042F8043B094B9A42F9D304F015FA05F06F
:10250000AFFCFFF7C1FAFEE7003000208CAB0008FB
:1025100000000020E0010020E00100204013002026
:10252000FEE7000010B5104B104A1B68127882B00D
:1025300004464FF47A70B0FBF2F0B3FBF0F000F019
:102540004FFF08B90F2C02D9012002B010BD02467E
:10255000019021464FF0FF3000F0E0FE044B01985F
:102560001C6002B010BD00BF0C0000200400002061
:1025700008000020074A08B5136843F010031360F1
:10258000032000F0A9FE0020FFF7CCFF02F080FC42
:10259000002008BD00200240034A044B11681B784C
:1025A0000B441360704700BFE00F002004000020C0
:1025B000014B1868704700BFE00F002038B5044693
:1025C000FFF7F6FF631C054602D0044B1B781C4442
:1025D000FFF7EEFF401BA042FAD338BD04000020F5
:1025E00001688A6802F00302012A01D000207047C6
:1025F0000A68D307FAD58A6802F00D02012A09D0C9
:10260000026C42F010020264426C42F00102426429
:102610000120704710B58A6882B042F00202019032
:1026200003208A600860FFF7C3FF019B1A68926865
:102630000446D0070DD50193FFF7BAFF019B001B9D
:1026400002281A6802D99168C90705D49268D2078E
:10265000F1D4002002B010BD1A6C42F010021A64CE
:102660005A6C42F001025A640120F3E7026838B55F
:10267000936803F00303012B044626D09168154BA1
:10268000194209D0236C43F010032364636C43F0B8
:1026900001036364012038BD936843F00103936034
:1026A000FFF786FF236805461B68D9070BD4FFF7A1
:1026B0007FFF401B02282368F6D91A68D207E1D5AC
:1026C0001B68D907F3D5002038BD1368D807D5D5C6
:1026D0000020F9E73F00008010B584B00023039389
:1026E000002800F099800368B3F1A04F044606D09B
:1026F000A54A934203D0A548F221FFF70FFA636879
:1027000033F4403303D0A148F321FFF707FAA3685D
:1027100043B1182B00F22E819D4A22FA03F3D80709
:1027200040F12881E36833F0200303D09748F52176
:10273000FFF7F4F92369012B00F2E480637E012B9B
:1027400000F2E880E36A33F4406303D08F48F82155
:10275000FFF7E4F9A36A012B1ED923F08002402A77
:102760001AD023F48072802A16D0B3F5807F13D05C
:1027700023F40072B2F5E07F0ED023F0C002B2F570
:10278000007F09D0B3F5507F06D0B3F5607F03D04A
:102790007E48F921FFF7C2F994F83030012B00F29E
:1027A000AC806369042B02D0082B40F0C680636BB9
:1027B000012B00F29980237E012B00F2B580236962
:1027C0007BB1E369013B0F2B00F2EE8094F82030DF
:1027D000012B00F2C78023B1636A013B072B00F293
:1027E000DD80206C10F0100019D1226C002A00F05E
:1027F000E18023689A68D20040F1A8809A6891002D
:1028000000F1A480226CD20600D460B1236C23F0C6
:10281000120343F010032364012004B010BD236CA5
:10282000D906F3D423689A685207EFD4226C22F4B5
:10283000817242F0020222649A68B3F1A04F02F062
:1028400003020CBF50494FF0A041012A00F0038160
:102850008A6802F00302012A00F002814D49606893
:102860008A6822F4403202438A60D4E902120A43A1
:10287000616B607E013918BF012142EA403242EAB1
:10288000013294F82010012900F0DD80A16A0129AD
:1028900002D0E06A01430A43996811F00C0F0CD191
:1028A000D96821F4804121F00201D96094F83010F8
:1028B000207E490041EA80310A43D8683649014008
:1028C000206911430128D96000F0B5801A6B22F00D
:1028D0000F021A6300206064236C23F0030343F0AB
:1028E0000103236404B010BD2848FC21FFF716F94A
:1028F000237E012B7FF663AF16E02448FA21FFF711
:102900000DF94EE72148F621FFF708F9637E012B08
:102910007FF618AF1D48F721FFF700F9E36A33F49B
:1029200040633FF417AF11E71848FD21FFF7F6F8B1
:102930002369002B3FF455AF43E71448FB21FFF711
:10294000EDF8636B012B7FF636AFCDE7236C23F0F8
:10295000120343F010032364636C43F001036364C8
:10296000236C53E709484FF48171FFF7D7F894F8C7
:10297000203030E70548F421FFF7D0F8E36833F062
:1029800020033FF4D7AED1E60001005000A00008BC
:10299000000101010003005007C0F0FF384840F279
:1029A0000511FFF7BBF81CE7354840F20111FFF7AE
:1029B000B5F80BE72046C4E91222626484F83C2093
:1029C0000192FEF7E5F923689968C80001D50198DE
:1029D00010E72046FFF704FE226C2368D1063FF57E
:1029E00009AF00287FF406AF226CDFF89CC022F408
:1029F000885222F0020242F0020222649968DCF856
:102A0000002021F040519960996841F0805199600F
:102A10001C49A1FB0212920C02EB820252000392AB
:102A2000039A002A3FF4E6AE039A013A0392039A0E
:102A3000002AF9D1DEE6196BE26921F00F01013AB3
:102A40000A431A6346E780B9616A013942EA4141A3
:102A500041F480321AE71A68D0073FF506AFF7E66F
:102A60000A68D2073FF501AFF8E6216C21F0220198
:102A700041F020012164616C41F00101616405E7CE
:102A800000A0000883DE1B430C00002000B5026894
:102A9000B2F1A04F83B003460AD03B498A4207D027
:102AA00000904FF49B613948FFF738F8009B1A6893
:102AB000926812F0040253D193F83C1001294FD0D0
:102AC000012183F83C101846CDE90032FFF7CEFD16
:102AD000DDE9003218B183F83C2003B000BD1A6C68
:102AE0002B4922F4706222F0010242F480721A64CF
:102AF00089681A6811F01F0F196C34D121F4801104
:102B00001964D168890105D5196C21F4405141F44B
:102B100080511964196C11F4805118BF596C4FF031
:102B2000000C18BF21F00601596483F83CC0184915
:102B30001C2313608B68DB060CD08B6803F01F032B
:102B4000052B07D08B6803F01F03092B02D0B2F1CD
:102B5000A04FC2D1936843F00403936003B000BD5B
:102B6000022003B000BDB2F1A04FC7D0DFF818C0FB
:102B700041F4801162451964CCD14FF0A041C9687D
:102B80008901C7D5C0E700BF0001005000A00008C0
:102B900000030050F0B50368B3F1A04F83B00546C1
:102BA0000E4607D0424A934204D0424840F2126196
:102BB000FEF7B4FF6C69082C4ED03F4B9A68D006E4
:102BC00044D09B6813F4404F48D12B680C243A4AF8
:102BD0009268D20604D0B3F1A04F18BF4FF0A043C3
:102BE000DF68FFF7E5FC2A6813682342014604D139
:102BF000731C16D113682342FCD02B6C43F4007372
:102C00002B64D36807F4005103F440630B4302D1F3
:102C1000136818072CD47B0400D41460002003B080
:102C2000F0BD3EB9136823403AD013681C42E4D18A
:102C3000002EF7D00191FFF7BBFC01992A68401ADA
:102C4000B042EFD813682342F4D0D6E72B68DA6895
:102C5000D10703D40C24BAE72B68B8E72B6C43F0F8
:102C600020032B640120002385F83C3003B0F0BD25
:102C7000936813F0040F2B6C0AD123F480732B6438
:102C80002B6CD904C7D42B6C43F001032B64C2E72F
:102C900043F020032B646B6C43F001036B64BAE7D1
:102CA0002A6C85F83C3042F004022A640320B6E71F
:102CB0000001005000A00008000300500368B3F1B9
:102CC000A04F0FD0084A93420CD000B583B040F615
:102CD000013101900548FEF721FF019B1B68186C2C
:102CE00003B000BD186C70470001005000A0000840
:102CF00030B5036883B00022B3F1A04F05460192BE
:102D00000C4607D0B24A934204D0B24841F2B851BF
:102D1000FEF704FF6368013B0F2B00F2EB80A36812
:102D2000072B00F2F080E368012B04D9A94841F297
:102D3000BB51FEF7F3FE2369042B00F2D5802B680C
:102D4000DA6812F0180F55D16269B2F5805F51D27E
:102D5000E2682368012A03F1FF3369D0112B00F2E6
:102D6000948095F83C30012B6DD001222B6885F8BA
:102D70003C209A6851076DD4D4E90012042A00F26D
:102D8000C88002EB4202186B52004FF01F0C0CFA85
:102D900002FC20EA0C0001FA02F202431A639A686C
:102DA00012F00C0F40F082800929A26840F2E880FE
:102DB000A1F10A0C98690CEB4C0C4FF0070E02FACB
:102DC0000CF20EFA0CFC20EA0C0002439A61206916
:102DD000DA6800F1FF3CC2F3C10260695200904022
:102DE000BCF1030F00F28A81DFE81CF055004F01AF
:102DF00043013701DA6802F01802082A34D0DA6891
:102E000002F01802102A00F0D980DB6803F01803E2
:102E1000182B02D163693F2B9AD96E4841F2BD51FC
:102E2000FEF77CFEE2682368012A03F1FF3395D1A7
:102E30000D2B96D9674841F2C951FEF76FFE95F800
:102E40003C30012B91D1022003B030BD1A68D40769
:102E500040F184802B6C43F020032B64012000237D
:102E600085F83C3003B030BD6269B2F5806FFFF485
:102E70006FAFDA6802F01802102AC6D15548DB6835
:102E800041F2BD51FEF74AFECCE7524841F2C5512E
:102E9000FEF744FE65E7D3F860C04F4A40EA816020
:102EA0000CEA0202024342F000421A669A6802F0FB
:102EB0000302012A00F08780E0680122012802FA5B
:102EC00001F200F08D80D3F8B00020EA0202C3F8CE
:102ED000B020102932D0112940F099803F4A9268E1
:102EE000D0012FD50020BAE73A4841F2BC51FEF795
:102EF00015FE24E7374841F2B951FEF70FFEA368EB
:102F0000072B7FF610AF334841F2BA51FEF706FEA9
:102F100009E7092A42D90E2A00F28F800A3A02EB09
:102F20004202986B52004FF01F0C0CFA02FC20EA90
:102F30000C0001FA02F202439A6330E7274A9268D2
:102F40001402CFD49A68B3F1A04F02F003020CBF71
:102F50001F484FF0A040012A3FF478AF826802F08A
:102F60000302012A00F0C580102900F0A480112975
:102F700000F09780194A936843F480039360B1E7A7
:102F8000586901EB410E4FF0070C0CFA0EFC02FAE7
:102F90000EF220EA0C0002435A6118E7053A02EBF0
:102FA0004202586B52004FF01F0C0CFA02FC20EA50
:102FB0000C0001FA02F202435A63F0E66269FF2A4A
:102FC0007FF6C6AE5AE71A68D2077FF575AF89E774
:102FD0000001005000A0000800F0FF830003005033
:102FE000D3F8B000A46802430929C3F8B02017D968
:102FF000A1F109009A6900EB40004FF0070C8440F2
:103000000CFA00F022EA000222439A6161E71229D9
:103010007FF468AF504A926852023FF563AF91E780
:1030200001315A6901EB410107208C4000FA01F19E
:1030300022EA010222435A6154E70F3A02EB4202AC
:10304000D86B52004FF01F0C0CFA02FC20EA0C0067
:1030500001FA02F20243DA63A1E6D3F86CC03F4AF8
:1030600040EA81600CEA0202024342F00042DA6662
:103070001CE7D3F868C0394A40EA81600CEA0202D2
:10308000024342F000429A6610E7D3F864C0334A24
:1030900040EA81600CEA0202024342F000425A66B2
:1030A00004E7B3F1A04F7FF41DAF2B4A936843F0C0
:1030B0008073936016E7B3F1A04F7FF413AF2649F6
:1030C00027488B68274A43F400038B600368A2FB00
:1030D00003239B0C03EB83035B000193019B002BF9
:1030E0003FF400AF019B013B0193019B002BF9D101
:1030F000F8E60268D2073FF5ADAE35E71A6E02F08A
:10310000F842B2EB816F17D05A6E02F0F842B2EB80
:10311000816F16D09A6E02F0F842B2EB816F15D033
:10312000DA6E02F0F842B2EB816F7FF4BFAEDA6E76
:1031300022F00042DA66B9E61A6E22F000421A6600
:10314000E2E75A6E22F000425A66E3E79A6E22F0F6
:1031500000429A66E4E700BF0003005000F0FF83DE
:103160000C00002083DE1B4330B50268B2F1A04F93
:1031700083B003460C4606D0019041F69531534882
:10318000FEF7CCFC019B2268092A5DD840F2EF21B2
:10319000D140C90758D58AB1626832F4004109D0DC
:1031A000B2F5404F06D04948019341F69931FEF7F8
:1031B000B5FC019BA26832F440724ED11A6893F8B4
:1031C0003C10B2F1A04F0CBF41484FF0A040012984
:1031D00051D091684D0709D51A6C42F020020120A8
:1031E0001A64002283F83C2003B030BD816849078F
:1031F000F2D4D4F800C0BCF1000F3FD0DFF8D4E027
:103200006568DEF8081021F46041294393F83050D6
:1032100041EA4531CEF80810916801F00301012917
:103220004FD0826802F00302012A42D02949A068E7
:103230008A6822F471624CEA000C22F00F024CEA18
:1032400002028A600020CCE72048019341F69631C3
:10325000FEF764FC2268019B9DE7B2F5806FADD05C
:10326000B2F5006FAAD01948019341F69A31FEF7E2
:1032700055FC019BA2E7022003B030BD154CA168AC
:1032800021F46041A160916801F00301012914D08B
:10329000826802F00302012A07D00E498A6822F4EC
:1032A000716222F00F028A60CCE70268D207C9D4AB
:1032B000F3E70268D007C5D4B8E71268D107C1D4D4
:1032C000E6E71268D507BDD4ABE700BF00A0000851
:1032D000000100500003005000B5C21E042A83B054
:1032E00003460FD80B49CA684FF6FF001B02024085
:1032F00003F4E063134343F0BF6343F40033CB6054
:1033000003B000BD0190AB210348FEF707FC019B11
:10331000E8E700BF00ED00E094A0000810B51446F7
:103320000F2C82B002460B4636D80F2B2BD81F49E4
:10333000C968C1F30221C81E042819D84FF0FF3C08
:10334000C1F107010CFA01F10CFA00FC24EA0C04AB
:10335000C9430B4083402343002A4FEA03130BDB8E
:1033600002F1604202F5614282F8003302B010BD02
:1033700000240F212046ECE70D4902F00F025118FE
:103380000B7602B010BD0B48C421CDE90023FEF737
:10339000C5FBDDE90023CAE7CDE900010548C321EB
:1033A000FEF7BCFBDDE90023BFE700BF00ED00E056
:1033B000FCEC00E094A00008002808DB4109064A64
:1033C00000F01F000123834042F82130704703487A
:1033D000D721FEF7A3BB00BF00E100E094A00008E6
:1033E0000138B0F1807F01D3012070474FF0E02316
:1033F0000022586104484FF0F00C072180F823C0E8
:103400009A6110461961704700ED00E0002800F055
:103410008E800368474A934210B5044615D0143293
:10342000934212D0143293420FD0143293420CD0F4
:103430001432934209D01432934206D0143293428C
:1034400003D03D489321FEF769FB636833F0100217
:1034500053D1A36833F0400303D037489521FEF7DA
:103460005DFBE36833F0800303D033489621FEF719
:1034700055FB236933F4807202D0B3F5007F44D149
:10348000636933F4806202D0B3F5006F46D1A3695B
:1034900033F0200303D028489921FEF73FFBD4F8EE
:1034A0001CC03CF4405305D023489A21FEF736FB5C
:1034B000D4F81CC0E2682168D4E901300343134307
:1034C00022690868134362691343A2696FF30D1000
:1034D00013431A4A03431A488A1843EA0C03A0FB11
:1034E00002020B60120917494FF48073002092000A
:1034F0002384C4E90F12A06310BDB3F5804FA8D098
:103500000D489421FEF70AFBA3E70B489721FEF72D
:1035100005FB636933F48062B9D0B5E706489821AA
:10352000FEF7FCFAA36933F02003B8D0B3E701201B
:10353000704700BF0800024028A10008F8FFFDBF47
:10354000CDCCCCCC0000024070B503F1FF3C1C4652
:1035500003464FF6FE70844582B00D46164631D8BC
:1035600093F82000012809D093F82100012290420D
:1035700083F8202005D0002283F82020022002B00A
:1035800070BD022183F821101A6800219963116827
:1035900021F001011160196C8840D96B48605968AD
:1035A0005460102916D0DB6A9560D660BBB11368F1
:1035B00043F00E0313601368002043F0010313600F
:1035C00002B070BD0A4801934FF4A671FEF7A6FA47
:1035D000019BC5E7DB6A9660D560002BE7D11368D5
:1035E00043F00A031360136823F004031360E2E757
:1035F00028A10008034640B190F82120022A06D0F5
:1036000004210022816380F8202001207047026895
:10361000D0F840C01168C06B21F00E011160116834
:1036200021F001011160012202FA0CF24FF48071C5
:10363000426000201984704708B590F82120022AC2
:1036400003D004228263012008BD0268D0F83CE068
:10365000116821F00E011160116821F00101116063
:10366000016C01228A40416BCEF804204FF4807C2B
:10367000A0F820C001B18847002008BD10B5C46B78
:10368000026C2168D0F800C0042393400B42DCF8A0
:1036900000E012D01EF0040F0FD0DCF800209106DD
:1036A00005D4DCF8002022F00402CCF80020C26A25
:1036B0006360EAB1BDE810401047022393400B421B
:1036C00017D01EF0020F14D0DCF80020920608D4A8
:1036D000DCF8002022F00A02CCF80020012280F859
:1036E0002120826A6360002180F82010002AE1D145
:1036F00010BD082393400B42FAD01EF0080FF7D0FC
:10370000DCF80030016B23F00E03CCF8003001230D
:1037100003FA02F24FF4807C6260A0F820C0836359
:103720000029E5D0BDE81040084700BF806B704716
:103730002DE9F04FB0F1904F85B005460E4612D0FE
:10374000A74B98420FD003F5806398420BD003F546
:103750008063984207D003F50063984203D0A148E4
:10376000B221FEF7DBF931688BB21BB1B1F5803FB6
:10377000C0F00E819B48B321FEF7D0F97368B3F512
:10378000041F0ED0B3F5041F00F20B81B3F5881FA0
:1037900007D000F21F81032B03D9113B012B00F24C
:1037A0000A813168002900F0C080DFF844A2DFF808
:1037B000449200240123A34013EA010800F0B080E2
:1037C000706800F0030101F1FF3C4FEA440B03274E
:1037D000BCF1010F07FA0BF740F2AA8003293CD095
:1037E000B368022B00F2C580EA6803FA0BF322EA01
:1037F000070C43EA0C030229EB602ED1B5F1904F80
:1038000012D0774B9D420FD003F580639D420BD0C1
:1038100003F580639D4207D003F500639D4203D00A
:103820007048E221FEF77AF931690D2902D90F2992
:1038300040F0A880E00805EB800004F00703026A6E
:103840009B004FF00F0E99400EFA03F322EA030398
:103850000B430362706800F003012B6801FA0BF15F
:1038600023EA0703194310F4403F296057D0DAF8E0
:10387000181041F00101CAF81810DAF8181024F0F5
:10388000030303F1804301F0010103F58033039149
:1038900004F0030C039999684FEA8C0C0F2707FA80
:1038A0000CF7B5F1904F21EA07010FD04C4A954231
:1038B00000F086804C4FBD4200F087804B4FBD42E8
:1038C0000CBF0327052707FA0CF739439960D9F88D
:1038D0000830C20254BF23EA080348EA0303C9F8C8
:1038E0000830D9F80C30870254BF23EA080348EAAD
:1038F0000303C9F80C30D9F80430810354BF23EA1C
:10390000080348EA0303C9F80430D9F80030C203B9
:1039100054BF23EA080348EA0303C9F800303168BA
:10392000013431FA04F37FF445AF05B0BDE8F08F00
:10393000F268012A0BD9032A09D02A480193C3212E
:10394000FEF7ECF87068F268019B00F0030102FAE0
:103950000BFCAA6822EA070E4CEA0E02AA606A680B
:1039600022EA030CC0F30013A34043EA0C036B608C
:1039700034E71C48D421FEF7D1F8D6E9010300F062
:10398000030131E7E3211748FEF7C8F8316951E731
:103990007368B3F5041F3FF408AFB3F5041F7FF657
:1039A000F5AEB3F5441F3FF4FCAE23F48013B3F53A
:1039B000081F3FF4F6AE0B48B421FEF7AFF8F0E66F
:1039C000012707FA0CF7394380E7022707FA0CF7BB
:1039D00039437BE7B3F5901F3FF4E3AEEBE700BF5D
:1039E00000040048B8A1000800080048000C004886
:1039F000001002400004014010B50B4682B004469E
:103A000079B1012A03D84AB9A36202B010BD0A48AD
:103A1000009340F2A511FEF781F8009BA36102B06C
:103A200010BDCDE9001204484FF4D271FEF776F8CC
:103A3000DDE90032E5E700BFB8A1000800B50B469C
:103A400083B0024649B1516903EA010023EA010348
:103A500043EA0043936103B000BDCDE9000104488F
:103A60004FF4DE71FEF75AF8DDE90023EBE700BF03
:103A7000B8A10008006830B500EBC11E202ADEF8AE
:103A8000E4C0DEF8B840254635D8012A29D94FF0E0
:103A9000010E023A0EFA02F2DFF89CE012EA0E0F73
:103AA00031D144F2040E12EA0E0F1BD16FF0FE0268
:103AB0004FF0000EDC680CEA020C1A6822431C6905
:103AC00022435C6922439C6922431C6902FA0EF27C
:103AD000082C42EA0C0223D000EBC110C0F8E4200D
:103AE00030BDE3D100EBC1125C68C2F8BC409C68F9
:103AF000C2F8C040DAE7B2F5807FF3D018D8402A88
:103B0000F0D0802AD2D100EBC1125C68C2F8C44068
:103B10009C68C2F8C8404FF0100E6FF47E02C9E7EF
:103B200015F0022FD8D1DB6903FA0EF31A43D3E75D
:103B3000B2F5007FE7D0B9E74100004000287CD013
:103B400010B5454B02689A4282B0044604D04348FF
:103B500040F22721FDF7E2FF636823F4403323F0AE
:103B60003F03002B55D1A26800230221D207C4E9EC
:103B70003133C4E93333C4E9353384F8C1101ED579
:103B8000236933F4404304D0344840F25E21FDF70A
:103B9000C5FF636933F4005202D0B3F5405F3ED1F4
:103BA00021682D4A91424AD00A68206922F4704265
:103BB00000F44040024303F4405313430B6020469B
:103BC000FDF7D2FBA3689B070ED5E36833F40072C0
:103BD00002D0B3F5407F29D121680A6803F440730D
:103BE00022F4407213430B600121002284F8C110BB
:103BF000234684F8C02004F1A8019A621A63C3E93D
:103C00000622C3E908221C339942F6D1002002B0F3
:103C100010BD12484FF40A71FDF780FFA3E70F486B
:103C200040F25F21FDF77AFF6369B9E70B4840F284
:103C30008321FDF773FFE368CEE70120704702F5AB
:103C40001C42906940F000509061926902F000526D
:103C50000192019AA8E700BF0074014048A2000841
:103C600010B54A1E033282B00C46034626D80439EA
:103C7000082942D840F21112CA40D1073DD593F825
:103C8000C020012A41D00121022283F8C01083F80C
:103C9000C1201A68D2F8CC1341F00201C2F8CC134B
:103CA000D2F8CC1321F00C012143C2F8CC13D2F886
:103CB000CC1341F00101C2F8CC1318E090F8C020F9
:103CC000012A22D00222012180F8C120621C80F842
:103CD000C010DED10268D2F8CC1321F00201C2F884
:103CE000CC13D2F8CC1341F00101C2F8CC1301225D
:103CF000002083F8C12002B010BD0548019340F2B6
:103D0000FA21FDF70BFF019BB9E7022002B010BDBD
:103D100048A2000870B504460D46FEF749FC22682B
:103D2000D2F88833DE0307D46B1C18BF06460AD1CD
:103D3000D2F88833D903FBD50020012384F8C130A1
:103D400084F8C00070BDFEF733FC801BA84206D883
:103D50002DB12368D3F88833DA03F4D5ECE70723D1
:103D600084F8C130032070BD30B5052983B00C46FE
:103D700003463AD8916807292DD8D16831F0080058
:103D800001D0102948D193F8C1100229C8B220D01F
:103D9000022183F8C110D2E902CED2E90002052C3B
:103DA000196815462BD001EBC411D1F8802022F000
:103DB000070242EA0C0222F0180242EA0E02C1F89F
:103DC0008020C1F89400C1F89850012283F8C120E6
:103DD000002003B030BD15484FF46271CDE90032C8
:103DE000FDF79CFEDDE90032C7E7CDE9000240F2B5
:103DF00087310E48FDF792FEDDE90032BAE70A6826
:103E000022F0070242EA0C0222F0180242EA0E02F5
:103E10000A6048618D61D8E7044840F28931CDE9F4
:103E20000032FDF77BFEDDE90032ACE748A2000876
:103E300010B5082982B00C46034646D84FF48B7162
:103E4000E140C90741D5116831F440300DD021F46B
:103E50008031B1F5802F08D03B4841F20F01CDE908
:103E60000032FDF75BFEDDE9003293F8C110022954
:103E7000C8B228D093F8C010012962D0012183F87C
:103E8000C010D3F800C0022183F8C110013CDCF857
:103E90008013072C05D8DFE804F02249043304041A
:103EA000043E0720002283F8C10083F8C02093F865
:103EB000C120072A21D000200122CCF8801383F8EA
:103EC000C12083F8C00002B010BD1F4841F20E01AE
:103ED000CDE90032FDF722FEDDE90032B3E7D2E999
:103EE0000002CCF8BC2393F8C12021F4E02100F4B7
:103EF000E020072A41EA0001DDD1012002B010BD17
:103F0000D2E90002800121F0E07100F0E07001438D
:103F1000CCF8C423CBE7D2E90002400221F0606173
:103F200000F060600143CCF8C823C0E7D2E900028A
:103F3000C00021F4601100F460100143CCF8C023EC
:103F4000B5E7022002B010BD48A200082DE9F043F9
:103F5000052983B00E460546144600F2B381636915
:103F600033F0200304D0934841F2A701FDF7D6FDBA
:103F7000A36933F4006304D08E4841F2A801FDF731
:103F8000CDFDE36933F4806304D08A4841F2A9018E
:103F9000FDF7C4FD236A33F0C06304D0854841F2C5
:103FA000AA01FDF7BBFD636A33F0006304D08148CA
:103FB00041F2AB01FDF7B2FDE36A33F4803304D084
:103FC0007C4841F2AC01FDF7A9FD236B33F00053AF
:103FD00004D0784841F2AD01FDF7A0FD95F8C1305D
:103FE000022BD8B200F0378195F8C030012B00F0D9
:103FF00019820223012285F8C02085F8C130052EE0
:10400000A36A00F0DB8033F040520AD0B2F1804F57
:1040100007D0B3F1004F04D0664841F2C601FDF766
:104020007DFD236823F4FF4323F05F03002B40F062
:104030005A81636823F0FF4323F4BE03002B40F052
:104040005F81636B33F0400304D05A4841F2C901E9
:10405000FDF764FDA36B1F2B00F25D81E36B33F072
:10406000004304D0534841F2CB01FDF757FD636B89
:10407000002B00F0F380402B40F0F580236C002BE8
:1040800040F0F180636C33F4007215D023F4805259
:10409000B2F5C06F10D0B2F5206F0DD0B3F5905FC0
:1040A0000AD0636B402B02D1B2F5606F04D0414857
:1040B00041F2CE01FDF732FDA36C33F0FC7340F00A
:1040C000AB813D4AE36C1A4240F0A081D4F850E045
:1040D0003EF4802306D0374841F2D201FDF71EFDA1
:1040E000D4F850E029686769A26901EBC610D0F8DE
:1040F000803023F07043C0F88030D0F8803023F057
:1041000020033B4323F400631343E269276B23F44A
:1041100080631343226A23F0C0631343626A23F06F
:1041200000631343A26A23F070431343B7F1005FA7
:1041300018BF23F40033676BD0F8E820009708BF5E
:1041400043F4003323F040033B43A76BD0F8E4C0B3
:10415000D1F8A08323F4802367F3040243EA0E031B
:10416000A76C23F0FC7343EA0709E36B22F00042DB
:104170001A43636C23F480570197009F002F40F08F
:10418000A780276C2CF4807C4CEA070C23F4805722
:10419000B7F5606F03D02CF4F05C4CEA030CD4F854
:1041A0004CE0042E6AD8DFE816F0180112010C0169
:1041B00064001E0148A200080100008033F0805214
:1041C00040F0F58023687F2B00F21A81616831F49A
:1041D000FE0340F00E812A6860691368266B23F0A5
:1041E00020030343A06923F400630343E06923F43D
:1041F00080630343206A23F0C0630343606A23F0B3
:1042000000630343A06A23F0404343EA800323F0A2
:104210000053D2F8A0033343E66A136020F48030E1
:104220003043C2F8A0032368A068C5F8AC30D2F8C8
:104230008433C5F8B400C5F8B010D4E9030143F0E5
:104240000103C5E92E01C2F884330020012385F85B
:10425000C13085F8C00003B0BDE8F083236C33F4AF
:1042600080733FF40FAF714841F2CC01FDF756FC6B
:1042700008E7E36A28F4801747EA0318C0F880903B
:1042800001EBC610C6EBC603C0F8E820C0F8E4C0D6
:10429000C0F8D4E0C1F8A08320680090D4E901EC14
:1042A000D4E903709B002033EA18009CEC50C2E96B
:1042B00001ECC2E90370042EC7D8DFE806F06B5E9C
:1042C00051443700594841F2A401FDF727FC46E666
:1042D00023F48057B7F5606F7FF45DAF009F402FE8
:1042E0003FF459AF5BE7514841F2C701FDF716FCB7
:1042F000636823F0FF4323F4BE03002B3FF4A1AE19
:104300004A4841F2C801FDF709FC636B33F04003F2
:104310003FF4A0AE99E6454841F2CA01FDF7FEFB25
:10432000E36B33F000433FF4A2AE9BE6D1F8843355
:1043300043F02003C1F884330020012385F8C13005
:1043400085F8C00087E7D1F8843343F01003C1F843
:1043500084330020012385F8C13085F8C0007AE756
:10436000D1F8843343F00803C1F8843300200123DB
:1043700085F8C13085F8C0006DE7D1F8843343F08B
:104380000403C1F884330020012385F8C13085F887
:10439000C00060E7D1F8843343F00203C1F88433EE
:1043A0000020012385F8C13085F8C00053E7B3F140
:1043B000005F3FF407AF1D4841F2BC01FDF7AEFBC3
:1043C00000E7E36A28F4002747EAC30856E7E36AF0
:1043D00028F4802747EA830850E7E36A28F4003787
:1043E00047EA43084AE7E36A28F4001747EA431814
:1043F00044E741F2BE010D48FDF790FB6168EAE633
:104400000A4841F2BD01FDF789FBDFE6074841F2AA
:10441000D101FDF783FB59E6044841F2D001FDF7D5
:104420007DFB4EE6022003B0BDE8F08348A2000801
:10443000042970B50D460646144600F284802368B0
:1044400033F4406307D0B3F5805F04D0424841F2B3
:104450008E11FDF763FBA36833F4007304D03E486C
:1044600041F28F11FDF75AFBE36833F4004304D0A7
:10447000394841F29011FDF751FB236933F4804331
:1044800004D0354841F29111FDF748FBA36933F0A0
:10449000007304D0304841F29211FDF73FFBE3690D
:1044A00033F0004304D02C4841F29311FDF736FB62
:1044B000236A33F0804304D0274841F29411FDF77A
:1044C0002DFB96F8C130022BD8B23BD096F8C03005
:1044D000012B3ED0022386F8C130D4E90023C3F378
:1044E000080302F4E0521A43A368316803F400732E
:1044F0001A43236903F480431A43E36803F4004337
:104500001343A26902F000721343226A02F0804250
:104510001343E269646902F0004213430F4A01EB5E
:10452000C51102EA0442D1F8B80013430C4A024014
:10453000002413430122C1F8B830204686F8C12078
:1045400086F8C04070BD044841F28D11FDF7E6FACF
:1045500075E7022070BD00BF48A200080000FF01FF
:104560000020003C30B5052983B00D4604462ED806
:1045700094F8C1100229C8B227D094F8C0100129BC
:1045800000F0B880012184F8C010052D4FF0020121
:1045900084F8C11002F1FF3223D0072A05D8DFE8E2
:1045A00002F035730442040404490722002384F80E
:1045B000C12084F8C03094F8C130072B30D00020DF
:1045C000012384F8C13084F8C00003B030BD5248E4
:1045D00041F28521CDE90023FDF7A0FADDE90023B2
:1045E000C6E7072AE1D801A151F822F0E546000804
:1045F000DD460008AB450008ED460008AB45000865
:10460000AB450008AB450008D546000822681B688A
:1046100002EBC512C2F89C3094F8C130072BCED102
:10462000012003B030BD22681B6802EBC512C2F83E
:10463000A830C0E7596831F4405207D041F2FA215E
:1046400035480093FDF76AFA009B5968226818689C
:1046500002EBC512C2F8AC0000294ED0D2F880009F
:1046600020F44040C2F88000D2F88000B1F5005F2D
:1046700040EA8100C2F8800028D0B1F5405F9AD1AD
:104680009B68C2F8A83096E7596831F4405207D0C9
:1046900041F2CD2120480093FDF740FA009B596874
:1046A0002268186802EBC512C2F8A40061B3D2F800
:1046B000800020F44050C2F88000D2F88000B1F5AC
:1046C000005F40EA0100C2F88000D6D19B68C2F8C2
:1046D0009C3070E722681B68D3626CE722681B6815
:1046E000536268E722681B68D36164E722681B682D
:1046F000936260E7022003B030BDD2F8803023F42B
:104700004043C2F8803056E7D2F8803023F440535B
:10471000C2F880304FE700BF48A20008F8B50E4647
:10472000054617461C46002956D1531E012B04D9B5
:104730003C4841F2A431FDF7F1F9236833F002035C
:1047400004D0384841F2A531FDF7E8F9236933F088
:10475000080304D0334841F2A631FDF7DFF9E368DE
:1047600033F0040304D02F4841F2A731FDF7D6F906
:10477000636933F0300304D02A4841F2A831FDF7D1
:10478000CDF9A36933F0400304D0264841F2A931A2
:10479000FDF7C4F9E36933F0800304D0214841F206
:1047A000AA31FDF7BBF995F8C130022BD8B212D06F
:1047B00095F8C030012B2DD0022385F8C130284652
:1047C00023463A463146FFF755F90020012385F884
:1047D000C13085F8C000F8BD012909D1042AACD048
:1047E000082AAAD00F4841F2A431FDF797F9A4E7AF
:1047F000022904D1102AA0D0202A99D19DE70329AB
:104800000AD0042994D1B2F5807F96D0B2F5007F0A
:104810008ED192E70220F8BD402A8ED0802A87D11F
:104820008BE700BF48A2000800B5B1F5806F83B0E8
:104830000A46034616D293F8C01001291FD0186803
:10484000022183F8C110D0F894134FF0000C1143EB
:10485000C0F894130122604683F8C12083F8C0C0D9
:1048600003B000BDCDE9000141F24C410548FDF720
:1048700055F9DDE9003293F8C0100129DFD102209B
:1048800003B000BD48A2000830B504460D460068DC
:104890001849884283B008D0174841F6A941CDE9AC
:1048A0000023FDF73BF9DDE9002333F080710BD0E5
:1048B000B3F1007F08D0104841F6AA41CDE90023AA
:1048C000FDF72CF9DDE900230699206841EA024250
:1048D0001A43C5F309031A430849069B41EA535199
:1048E000436822F0004223EA01031A43426003B006
:1048F00030BD00BF00540040D8A20008FF63FF0392
:1049000003682DE9F0410446986910F0100C4FD06F
:10491000154610220F46DA614FF0000800269A690A
:10492000910678D436B97A1C4DD19A699506FCD592
:104930002022DA6148F0040C01209A69D60502F4BD
:10494000806102F400752BD54FF480724CF0010C9D
:10495000DA6121B14FF480624CF0080CDA6125B1C4
:104960004FF400724CF0020CDA619A69910744BF6F
:1049700000229A629A69D2071CD55A6827490A40D0
:104980005A60636C002243EA0C032021636484F8BC
:10499000402084F8411084F842200120BDE8F081D5
:1049A0000029D7D1002DDBD10028DED1BDE8F08170
:1049B0006046C2E79A6942F001029A61DDE747B1B9
:1049C0009A699006B4D4FDF7F3FD401BB842236802
:1049D000F5D9586894F8422099690904D2B20BD5E8
:1049E000410409D4202A07D05A6842F480425A6010
:1049F000FDF7DEFD236805469A6990068FD4FDF722
:104A0000D7FDA0EB050CBCF1190F2368F4D94FF0CA
:104A10002008012683E7002E8CD189E700E800FEFC
:104A200070B5036804460D46164605E0FFF768FFBB
:104A300000BB6A1C08D123689B699B073246294644
:104A40002046F3D5002070BDFDF7B2FD801BA842C3
:104A5000236801D8002DEFD19A6912F00202EBD140
:104A6000636C84F8402020210B43636484F8411078
:104A700084F84220012070BD2DE9F041069E1D46BC
:104A8000044603688846174605E0FFF739FF60BB18
:104A90006B1C0ED123689B6938EA03030CBF01230A
:104AA0000023BB42324629462046EED00020BDE816
:104AB000F081FDF77DFD801BA842236801D8002D01
:104AC000E9D19A6938EA02020CBF01220022BA42F7
:104AD000E1D1636C002243F020032021636484F859
:104AE000402084F8411084F842200120BDE8F08184
:104AF00003689B699B0629D470B505460C4616468B
:104B00000DE0FDF755FD801BA0422A6800D81CB9B6
:104B1000936913F020030DD093699B0608D43246A5
:104B200021462846FFF7ECFE0028EAD0012070BDA0
:104B3000002070BD6A6C85F8403020210A436A6409
:104B4000012085F8411085F84230F0E700207047D9
:104B5000704700BF002800F0B2805A4B02689A42AA
:104B600010B5044604D058484FF40871FCF7D6FF3E
:104B7000A368B3F5806F80F09C80E368013B012B54
:104B800000F28C80236933F4004371D16369FF2BF9
:104B900076D8A369072B7BD8E36933F4002304D0CC
:104BA000494840F22621FCF7B9FF236A33F4003369
:104BB0004DD194F8413003F0FF02002B52D023680E
:104BC000242284F841201968626821F0010122F052
:104BD000706219601A619A68E16822F40042012942
:104BE0009A60A26809D042F4044202299A6007D16F
:104BF0005A6842F400625A6006E042F400429A6049
:104C00005A6822F400625A605968226941F00071C2
:104C100041F4004159606169D8680A43A16920F4F0
:104C2000004042EA0122E169D860206ADA6001436B
:104C30001960196841F001011960002220236264A3
:104C400084F84130226384F84220104610BD1E488B
:104C500040F22721FCF762FF94F8413003F0FF0295
:104C6000002BACD184F840202046FFF771FFA6E767
:104C7000154840F22321FCF751FF6369FF2B88D9C7
:104C800011484FF40971FCF749FFA369072B83D939
:104C90000D4840F22521FCF741FF7DE70A4840F22C
:104CA0002221FCF73BFF236933F400433FF46EAF4E
:104CB000DEE7054840F22121FCF730FF5DE70120E7
:104CC000704700BF00540040D8A200082DE9F0430F
:104CD0001F4690F8413085B0202B0C9E40F092800A
:104CE00090F84030012B044600F08C809146012260
:104CF00080F840208846FDF75BFC012205460090C5
:104D000019234FF400412046FFF7B6FE002875D165
:104D1000212384F84130102384F842306064678591
:104D2000638DC4F824909BB2FF2B60636ED8628DB4
:104D300092B22285002A40F09B80504B009341465E
:104D40004FF000732046FFF79FFD638D9BB22A460C
:104D500031462046002B40D0FFF762FE00284DD19F
:104D6000616A236811F8012B9A62638D228D61625A
:104D7000013B6385638D013A92B29BB22285002B81
:104D8000E3D0002AE1D10095334680212046FFF789
:104D900073FE002832D1628D236892B2FF2A4DD96A
:104DA000374AFF219342218505D0364841F6A94173
:104DB000FCF7B4FE23685968334A1140C8F309026E
:104DC0000A4342F0FF7242F480325A60638D9BB214
:104DD0002A4631462046002BBED1FFF789FE68B92E
:104DE00023682A4D2021D9615A682A405A6084F8E4
:104DF000411084F8400084F8420000E0012005B032
:104E0000BDE8F083022005B0BDE8F083FF222285D3
:104E10004FF0FE0C4FF080734946276811F8010BE4
:104E2000B8626162618DA4F828C0013961851349B7
:104E3000009120464146FFF727FD86E71049628D25
:104E400022858B4207D00F48039241F6A941FCF717
:104E500065FE2368039A5868D1B20B4A1040C8F324
:104E60000902024342EA014242F000725A606CE7D2
:104E700002F1FF3C4FF00073D2B2CDE7002000807A
:104E800000540040D8A20008009C00FC00E800FE8E
:104E90000A4B9A6942F0010282B09A619A6902F063
:104EA00001020092009ADA6942F08052DA61DB690D
:104EB00003F080530193019B02B070470010024041
:104EC000002800F0FB822DE9F041036882B004461F
:104ED000002B5BD0190700F01983DA0740F1F68048
:104EE000636833F4803203D0B3F5A02F40F0228200
:104EF000B24A536803F00C03042B00F0D3805368CC
:104F000003F00C03082B00F0C980D4E90132B3F59B
:104F1000803F00F0EC81002B00F02D82B3F5A02F34
:104F200000F0B082A54B196821F48031196019682E
:104F300021F480211960D96A21F00F010A43DA6255
:104F4000DFE19E4A136A43F001031362FDF730FB71
:104F500002250746012607E0FDF72AFB41F28833C8
:104F6000C01B984200F2038295FAA5F395FAA5F3C7
:104F7000924B196A95FAA5F3B3FA83F306FA03F391
:104F80000B42E9D0B8F1000F40F07682E369022BC2
:104F900000F2A381002B7DD0884D6A6802F00C02DC
:104FA000082A00F0CD81022B40F08A82236A33F474
:104FB000803304D0824840F24121FCF7AFFD636AA0
:104FC00033F4402212D0B2F5801F0FD0B2F5001F8B
:104FD0000CD023F48022B2F5401F07D0B3F5601F38
:104FE00004D0774840F24221FCF798FD4FF08073DF
:104FF00093FAA3F3B3FA83F303F1845303F5841311
:105000009B0000221A60FDF7D3FA6C4D07464FF063
:10501000007605E0FDF7CCFAC01B022800F2A7815C
:1050200096FAA6F3296896FAA6F30122B3FA83F357
:1050300002FA03F30B42EDD1D4E908136A680B437B
:1050400022F4741213436B604FF0807393FAA3F34E
:10505000B3FA83F303F1845303F584139B00012215
:105060001A60FDF7A5FA554D07464FF0007601246A
:1050700005E0FDF79DFAC01B022800F2788196FA40
:10508000A6F3296896FAA6F3B3FA83F304FA03F3B6
:105090000B42EED0002002B0BDE8F0815368DB0384
:1050A0007FF533AF4FF4003393FAA3F2434A11680C
:1050B00093FAA3F30122B3FA83F302FA03F30B4248
:1050C00003D06368002B00F03E8123689F075ED504
:1050D0002369012B00F2C58063691F2B00F2CA808F
:1050E000364B5A6812F00C0F31D05A6802F00C029D
:1050F000082A29D022690125002A00F08D8195FA1D
:10510000A5F3B3FA83F303F1845303F584139B00EF
:1051100002261D60FDF74CFA074605E0FDF748FA48
:10512000C01B022800F2238196FAA6F3234B1A68CB
:1051300096FAA6F3B3FA83F305FA03F31342EDD01C
:105140001E48F822016817E05B68DE03D2D4022310
:1051500093FAA3F2194A116893FAA3F30122B3FA5E
:1051600083F302FA03F30B4203D02369934240F026
:10517000EA8012480168F82292FAA2F26369B2FA50
:1051800082F2934021F0F8021343036023681D0765
:1051900031D5A369012B00F296800126002B6FD038
:1051A00096FAA6F2074BB2FA82F2D3189B000225B8
:1051B0001E60FDF7FDF907460CE000BF001002403D
:1051C00068A3000820819010FDF7F2F9C01B0228A7
:1051D00000F2CD8095FAA5F395FAA5F395FAA5F31B
:1051E000AE4B5A6A95FAA5F3B3FA83F306FA03F3C2
:1051F0001342E9D0236858077FF5C8AEE368012B56
:1052000006D9052B04D0A6484FF4FA71FCF786FCAA
:10521000A24BDA69D10000F1D480DA6942F0805201
:10522000DA61DB6903F080530193019B4FF00108C1
:105230009C4E3368DA0540F18A80E368012B3FF425
:1052400080AE002B00F0C080052B944B1A6A00F052
:105250002D8122F001021A621A6A22F004021A62F7
:1052600074E68F4840F28711FCF758FC63691F2BE6
:105270007FF636AF8A484FF4C471FCF74FFC2FE736
:1052800096FAA6F1884AB1FA81F18A1892000225AD
:105290001360FDF78DF9074604E0FDF789F9C01B9F
:1052A000022864D895FAA5F395FAA5F395FAA5F323
:1052B0007A4B5A6A95FAA5F3B3FA83F306FA03F325
:1052C0001342EAD196E776484FF4E471FCF726FCE6
:1052D000A3690126002BD3D062E771484FF40E7109
:1052E000FCF71CFCE369002B7FF456AED2E66B4959
:1052F0000B6843F480330B60CB6A23F00F03134336
:10530000CB62FDF755F94FF400360746012504E05E
:10531000FDF74EF9C01B642829D896FAA6F35F4B17
:105320001A6896FAA6F3B3FA83F305FA03F3134265
:10533000EED0CAE65A4840F24F11FCF7EFFBD7E532
:10534000012B40F08B80012002B0BDE8F081336872
:1053500043F480733360FDF72BF905463368DB05B2
:105360003FF56BAFFDF724F9401B6428F6D9032005
:1053700002B0BDE8F081494D2B6823F480332B60E7
:105380002B6823F480232B60EB6A23F00F03134375
:10539000EB62FDF70DF94FF40036074604E0FDF728
:1053A00007F9C01B6428E2D896FAA6F32A6896FA91
:1053B000A6F30121B3FA83F301FA03F31342EED10A
:1053C00083E64FF0000833E7344D2B6A23F00103E6
:1053D0002B622B6A23F004032B62FDF7E9F8022607
:1053E000074606E0FDF7E4F841F28833C01B984217
:1053F000BDD896FAA6F396FAA6F3296A96FAA6F30A
:105400000122B3FA83F302FA03F30B42EAD1B8F1B3
:10541000000F3FF4BBAD2FE095FAA5F3B3FA83F389
:1054200003F1845303F584139B0002261A60FDF7F1
:10543000BFF8074604E0FDF7BBF8C01B022896D86A
:1054400096FAA6F3154B1A6896FAA6F3B3FA83F305
:1054500005FA03F31342EED1236898E66B68226ADB
:1054600003F4803191427FF46EAF606A03F47013ED
:10547000181A18BF01200EE6084AD36923F080539A
:10548000D36183E503F18043A3F53C33196841F40C
:1054900080211960196841F480314BE50010024009
:1054A00068A30008007000402081901042F00402C0
:1054B0001A621A6A42F001021A6247E50120704737
:1054C0004FF0807393FAA3F3B3FA83F303F1845399
:1054D00003F584139B0000221A60FDF769F84FF072
:1054E00000760746012405E0FDF762F8C01B02289C
:1054F0003FF63DAF96FAA6F3296896FAA6F3B3FAFB
:1055000083F304FA03F30B42EED1C3E5034840F200
:105510004911FCF703FB2368DFE400BF68A3000820
:105520000E4A536803F00C01082901D00C4870475B
:10553000C3F383410B48D26A405CDB0309D50A49B7
:10554000074B02F00F028A5CB3FBF2F303FB00F09F
:105550007047064B03FB00F0704700BF001002408D
:1055600000127A0094A7000884A7000800093D00F3
:10557000002800F0D78003682DE9F0411E070D4692
:10558000044600F0F780022D00F2C6807C4A1368C2
:1055900003F00703AB420CD2136823F007032B433D
:1055A0001360136803F00703AB4202D00120BDE88B
:1055B000F081236898071AD5A16891B1C02910D04D
:1055C00000F2CB80A0290CD000F2D08021F0100294
:1055D000802A06D040F2D9216A48FCF79FFAA168D8
:1055E00023686948426822F0F0020A434260D90702
:1055F00032D56368022B00F2A780012B00F0948063
:10560000022B0CBF4FF00072022292FAA2F15E4907
:10561000086892FAA2F20121B2FA82F201FA02F2C9
:105620000242C3D0584E726822F0030213437360E3
:10563000FCF7BEFF41F28837804606E0FCF7B8FF72
:10564000A0EB0800B84200F286807368626803F03D
:105650000C03B3EB820FF1D1494A136803F007033F
:10566000AB4209D9136823F007032B431360136877
:1056700003F00703AB4299D123685A0718D5E168B4
:1056800031F480620ED021F40072B2F5A06F09D01F
:10569000B1F5C06F06D04FF447713A48FCF73EFAB7
:1056A000E16823683848426822F4E0620A434260B5
:1056B0001B0718D5226932F480630DD022F40073E1
:1056C000B3F5A06F08D0B2F5C06F05D02D4840F2F9
:1056D0002331FCF723FA22692B494B6823F46053EA
:1056E00043EAC2034B60FFF71BFF274BF0225B68C6
:1056F00092FAA2F2B2FA82F203F0F003234C2449A8
:10570000D340244AE35C20FA03F308681360FCF7F3
:1057100009FF0020BDE8F0811A4840F2C221FCF7E1
:10572000FDF933E7012070474FF4003292FAA2F1FD
:105730001549096892FAA2F2B2FA82F203FA02F269
:105740000A427FF46FAF31E70E484FF43871FCF72F
:10575000E5F9636851E7032029E7E0293FF441AF09
:1057600021F02002D02A7FF435AF3AE7B0293FF488
:1057700038AF2FE7034840F2C121FCF7CFF902E729
:105780000020024068A3000800100240B0A70008F3
:10579000080000200C000020084B4FF4E0625B681A
:1057A00092FAA2F2B2FA82F203F4E06304490548E5
:1057B000D3400068CB5CD840704700BF0010024067
:1057C000A8A700080C000020084B4FF460525B684B
:1057D00092FAA2F2B2FA82F203F460530449054845
:1057E000D3400068CB5CD840704700BF0010024037
:1057F000A8A700080C000020F0B58C4A036893426B
:1058000083B0044600F2CC80D80345D5636833F4F6
:10581000407303D086487621FCF780F9854BDA691E
:10582000D10040F19A80844D2B68DA054FF00007D3
:1058300040F1A3807F4A6168136A13F440731FD05C
:1058400001F4407098421BD0156A4FF4803325F460
:10585000407E93FAA3F07949B0FA80F008448000C2
:105860000126066093FAA3F3B3FA83F30B449B007B
:105870000021EE071960C2F820E000F1B6806168EF
:105880006C4A136A23F440730B4313621FB1D3694C
:1058900023F08053D3612368DD0709D5A16803296C
:1058A00000F295806348026B22F003020A43026310
:1058B00098060FD5E16831F0100205D0DE215C4872
:1058C000FCF72CF9E16823685A48026B22F01002B9
:1058D0000A430263190618D5216981B1B1F5B07F79
:1058E0000DD063D8B1F5987F09D021F0100200F2F5
:1058F0009980B2F5807F02D0B1F5907F5FD14D489D
:10590000C26A22F4F8720A43C262DA0410D56169ED
:1059100031F4807206D04FF4C6714548FCF7FEF8AA
:10592000616923684348026B22F480720A43026370
:105930005B040FD5A26932F4805305D03C4840F295
:10594000CF11FCF7EBF8A2693A490B6B23F48053B3
:1059500013430B63002003B0F0BDDA69364D42F00B
:105960008052DA61DB6903F080530193019B2B685D
:10597000DA054FF001073FF55DAF2B6843F4807304
:105980002B60FCF715FE06462B68DB053FF552AF92
:10599000FCF70EFE801B6428F6D9032003B0F0BD8F
:1059A00023487021FCF7BAF823682DE7B1F5C87FCA
:1059B000A5D013D921F01002B2F5D07F9FD040F2CC
:1059C0005B111B48FCF7AAF82169236897E7BC2103
:1059D0001748FCF7A3F8A168236863E7B1F5B87F1F
:1059E0008DD0B1F5C07FEAD189E7FCF7E1FD114A1E
:1059F0000646022595FAA5F395FAA5F3106A95FADD
:105A0000A5F30121B3FA83F301FA03F303427FF410
:105A100036AFFCF7CDFD41F28833801B9842054A32
:105A2000E8D9BAE7B2F5A07FC9D168E7A150010073
:105A3000F8A30008001002400070004000819010A0
:105A4000026852E8003F23F4907342E800310029D5
:105A5000F7D102F1080353E8003F23F0010302F1FC
:105A6000080C4CE800310029F3D1036E012B06D05D
:105A700000232022C0F8802083660366704752E826
:105A8000003F23F0100342E800310029F0D052E833
:105A9000003F23F0100342E800310029EFD1E7E78F
:105AA00038B5C56F202D3ED100293AD01346002AC3
:105AB00037D0A0F8522000220446C164C0F88420E8
:105AC000A0F85030006F4FF0210CC4F87CC098B1A2
:105AD000D4F800C042630CF12802DFF850C0C0F8CF
:105AE00028C0DFF84CC0C0F82CC0DFF848C0C0F8B0
:105AF00030C0FDF729FD80B922684023136202F10E
:105B0000080353E8003F43F0800302F1080040E837
:105B100000310029F3D1002038BD1023C4F88430AF
:105B2000E567012038BD022038BD00BFFD5B0008DD
:105B3000455C00085D5C0008014610B50368C06F55
:105B4000D1F8802014469A68120682B001D5212827
:105B500005D09A68520624D4002002B010BD03F18B
:105B6000080252E8002F22F0800203F1080C4CE8F2
:105B700000200028F3D1086F30B10191FDF73AFD04
:105B80000199002831D10B6853E8002F22F0C002A0
:105B900043E800200028F7D12022CA679A685206FD
:105BA000DAD5222CD8D103F1080252E8002F22F0D6
:105BB000400203F1080C4CE800200028F3D1486FA4
:105BC00020B10191FDF716FD019918B90846FFF7BC
:105BD00037FFC1E7486FFDF7A9FD20280199F5D1EE
:105BE0001023C1F884300320B7E7086F0191FDF757
:105BF0009DFD20280199C6D1F2E700BF08B5836951
:105C0000406A202B18D000230268A0F8523002F11D
:105C1000080353E8003F23F0800302F1080040E846
:105C200000310029F3D152E8003F43F0400342E83D
:105C300000310029F7D108BD01F042F908BD00BFCD
:105C4000704700BF08B5406AFFF7FAFF08BD00BF04
:105C5000704700BF704700BF704700BF406A0268CE
:105C6000C16FD0F880C008B593681B0601D5212903
:105C70000ED093685B0602D5BCF1220F16D0D0F887
:105C8000843043F01003C0F88430FFF7E5FF08BD0F
:105C90000023A0F8523052E8003F23F0C00342E84E
:105CA00000310029F7D12023C367E2E70023A0F8E1
:105CB0005A30FFF7C5FEE2E708B5406A0023A0F8B6
:105CC0005A30A0F85230FFF7C7FF08BD704700BF39
:105CD00030B50368D969D3F800C0D3F808E040F6BE
:105CE0000F04214283B0024619D18C0603D51CF063
:105CF000200F40F02381106E012800F0A380CC0219
:105D000003D51EF4800F40F01E81080600F18D803F
:105D10004D0602D51CF0400F78D103B030BD1EF007
:105D200001041D4640F0E880A4481CEA000FE2D0C0
:105D3000C80711D51CF4807F00F03B810120186258
:105D4000D2F8840040F00100C2F88400880740F1D6
:105D50000E81002C40F0D480480740F10E810C07E2
:105D600000F1188108050BD51CF0806F08D04FF4A6
:105D700000601862D2F8843043F02003C2F8843007
:105D8000D2F88430002BC8D08C0603D51CF0200F2D
:105D900040F00481D2F88410AB68019201F0280130
:105DA00003F0400353EA0104104600F04181FFF77D
:105DB00047FEAB68019A13F0400F00F0E78005F151
:105DC000080353E8003F23F0400305F1080040E8D2
:105DD000003161B1136803F1080151E8001F21F09F
:105DE000400103F1080444E800100028F3D1506F8B
:105DF000002800F0CB80724B43630192FDF71CFC3E
:105E000000288AD0019A506F436B17E053E8001FB7
:105E100021F0400143E800100028F7D12021D0668E
:105E2000D167104601F04CF877E71CF0800F3FF483
:105E30006FAFD36E002B3FF470AF104603B0BDE8D8
:105E400030401847C8067FF55AAF1CF0100F3FF4DA
:105E500056AF1021196299684D0640F1B380506F1A
:105E60000168496889B200293FF457AFB2F8584039
:105E70008C427FF652AFA2F85A108169202931D0A6
:105E800053E8001F21F4807143E80014002CF7D17F
:105E900003F1080151E8001F21F0010103F1080599
:105EA00045E80014002CF3D103F1080151E8001F6C
:105EB00021F0400103F1080545E80014002CF3D15E
:105EC0002021C2F88010146653E8001F21F0100151
:105ED00043E80014002CF7D10192FDF78BFB019AE7
:105EE000B2F8584002235366B2F85A30E11A10460D
:105EF00089B2FFF7EBFE10E7C80732D488072BD52D
:105F000002201862D2F884004C0740F00400C2F866
:105F1000840023D504201862D2F884000C0740F0D6
:105F20000200C2F884007FF51DAF08201862D2F885
:105F3000840040F00800C2F8840013E7836E002B51
:105F40007FF47CAFE9E64FF480111046196203B08C
:105F5000BDE8304000F05EBC4C07DBD40807E4D459
:105F600000E71CF4807F7FF4E9AE8807C8D44807B7
:105F700003D5002C3FF4F3AECCE708077FF5F2AE73
:105F80000CF0200020433FF4EDAECEE71046FFF7C3
:105F900063FEC2E61CF0200FC7D1E3E6936E002B30
:105FA0003FF4F8AE104601929847019A13681D46D7
:105FB000F0E688073FF5D0AED9E700BF2001000426
:105FC000B95C0008B2F85A00B2F85A1089B2002938
:105FD0003FF4A3AEB2F85810091A89B200293FF471
:105FE0009CAE53E8000F20F4907043E80004002CAE
:105FF000F7D103F1080050E8000F20F0010003F191
:10600000080545E80004002CF3D12020C2F88000E8
:106010009466146653E8000F20F0100043E8000473
:10602000002CF7D1022353661046FFF74FFE74E6AB
:10603000FFF712FE019AC2F884406EE6406A08B586
:1060400001234366036E012B02D0FFF703FE08BD58
:10605000B0F858104908FFF739FE08BD08B5836944
:10606000406A202B29D000220368A0F85A2053E868
:10607000002F22F4807243E800210029F7D103F1B8
:10608000080252E8002F22F0010203F1080C4CE84C
:1060900000210029F3D103F1080252E8002F22F079
:1060A000400203F1080C4CE800210029F3D1202222
:1060B000C0F88020026E012A07D000234366036ED9
:1060C000012B13D0FFF7C4FD08BD53E8002F22F0C9
:1060D000100243E800210029EFD053E8002F22F0FE
:1060E000100243E800210029EFD1E6E7B0F858108C
:1060F000FFF7ECFD08BD00BF38B54268814B9A42FE
:10610000044600F28A80A368B3F1805F03D033F4C1
:10611000805340F08880E36833F4405304D07A48D9
:1061200040F63B31FBF7FAFC236A33F4006304D0FA
:10613000754840F63C31FBF7F1FC236933F480628B
:1061400003D0B3F5C06F40F08D80636933F00C026B
:106150003ED1002B3CD0A36933F4407304D06A488D
:106160004FF43461FBF7DAFCE16931F4004305D008
:1061700040F641316448FBF7D1FCE1692069A3682E
:106180002268256AD2F800C00343606903435F4870
:106190000CEA000003430B4313605368E06823F4E8
:1061A0004053034353609068A36920F430602B434D
:1061B000034357489360824210D0564B9A4214D002
:1061C000554B9A4211D00023C4E91A33012038BD3F
:1061D0004D4840F63F31FBF7A1FCBCE74F4B1B6B32
:1061E00003F00303013B022B42D9B1F5004F20D04D
:1061F000FFF7D2FA60B163684FF6EF7200EB53001D
:10620000B0FBF3F0A0F110039342DCD82368D86010
:106210000023C4E91A33002038BD3B4840F6393129
:10622000FBF77CFC6FE7384840F63A31FBF776FC29
:1062300071E7FFF7B1FA0028EAD0430062684FF631
:10624000EF7103EB5203B3FBF2F3A3F110028A42A6
:10625000B9D823F00F02C3F34203216813439BB262
:10626000CB60D5E7284840F63E31FBF757FC6CE79A
:106270002B4AB1F5004FD35C1CD0082BA3D801A248
:1062800052F823F0F1610008AF620008F7620008DD
:10629000C7610008A9620008C7610008C76100085B
:1062A000C7610008F1620008FFF73AF9A2E7FFF7BB
:1062B0008BFA9FE7082B86D801A252F823F000BF83
:1062C00033620008EB620008FB620008C761000847
:1062D000E5620008C7610008C7610008C7610008DF
:1062E000FF620008FFF71CF9A5E7FFF76DFAA2E7C8
:1062F0004FF400407FE70B487DE70B4B9EE74FF4E0
:1063000080339BE7405489008CA40008F369FFEFB9
:1063100000380140004400400048004000100240A6
:10632000A4A7000800127A000024F400436AFF2B9F
:1063300010B5044600F28D801A070AD5616B31F45E
:10634000004240F095802068426822F400420A43EF
:106350004260D8070AD5A16A31F4003240F090803B
:106360002068426822F400320A43426099070AD545
:10637000E16A31F4803240F08B802068426822F478
:1063800080320A4342605A070AD5216B31F48022D9
:1063900040F086802068426822F480220A434260EE
:1063A000D8060AD5A16B31F4805240F08180206874
:1063B000826822F480520A438260990609D5E16B13
:1063C00031F400524CD12068826822F400520A4312
:1063D00082605A0623D5434B22689A4204D0424831
:1063E00040F6F131FBF79AFB236C5BB3B3F5801FEA
:1063F00066D12268536843F480135360606C30F4B4
:10640000C00306D0384840F6F731FBF787FB606CD5
:1064100022685168636A21F4C001014351601B0680
:106420000FD5A26C32F4002305D02F4840F6FF317F
:10643000FBF774FBA26C21684B6823F40023134321
:106440004B6010BD2168636A4A6822F480124A607A
:10645000E5E7254840F6C231FBF760FB636A6BE76E
:1064600040F6EA312048FBF759FBE16B636AAAE783
:1064700040F6C7311C48FBF751FB616B636A62E76A
:1064800040F6CE311848FBF749FBD4E9093167E7FC
:1064900040F6D5311448FBF741FBE16A636A6CE7CB
:1064A00040F6DC311048FBF739FB216B636A71E77A
:1064B00040F6E3310C48FBF731FBA16B636A76E7EA
:1064C00040F6F2310848FBF729FB2268216C53683B
:1064D00023F480130B43B1F5801F53608ED0636AA1
:1064E0009DE700BF003801408CA40008F0B50446C9
:1064F0000068D0F81CC031EA0C0C0CBF4FF0010C46
:106500004FF0000C944583B00AD1089D01350BD1A2
:10651000C36931EA03030CBF012300239342F7D080
:106520000023184603B0F0BD1E4617460D46FCF783
:106530003FF8089B801B984225D823B323681A682C
:1065400050070AD5802D08D0402D06D0DA6912F008
:1065500008021AD1D969090508D4DB6935EA0303B1
:106560000CBF01230023BB42E1D0D9E74FF4006107
:10657000196220460192FFF763FA019A84F87820A5
:106580002023C4F884300323CBE708221A62204674
:10659000FFF756FA002108220123C4F8842084F86A
:1065A0007810BEE710B5002284B00446C0F88420FD
:1065B000FBF7FEFF21680346086800070FD40A684E
:1065C00052071CD400232022E2671846C4F880201A
:1065D00023666366002384F8783004B010BD6FF042
:1065E0007E41009100224FF4001120460393FFF7F3
:1065F0007DFF039B40BB21680A685207E2D56FF01C
:106600007E4200924FF4800100222046FFF76EFF89
:106610000028D7D0236853E8002F22F4907243E873
:1066200000210029F7D103F1080252E8002F22F0DF
:10663000010203F1080040E800210029F3D12023E2
:10664000C4F880300320C5E7236853E8002F22F008
:10665000800243E800210029F7D12023E367F1E716
:10666000002857D08269036810B50446002A32D04A
:10667000294A93420CD0A2F57442934208D002F505
:106680008062934204D025484FF49671FBF746FA96
:10669000E36F002B32D02268616A2423E36713681A
:1066A00023F00103136089BB2046FFF725FD012875
:1066B0002AD023685A6822F490425A609A6822F0DD
:1066C0002A029A601A6842F0010220461A60BDE868
:1066D0001040FFF767BF104A9342D9D0A2F5744229
:1066E0009342D5D002F580629342D1D00B4840F25C
:1066F0003111FBF713FAE36F002BCCD184F878301B
:10670000204600F0C5FAC6E7012010BD2046FFF77D
:106710000DFEC9E701207047003801408CA4000835
:106720004FF0000C222310B5C0F884C00446416528
:10673000A0F85820C0F88030406FA0B113460A4638
:106740002168C0F834C0DFF87CC0C0F828C0DFF88A
:1067500078C0C0F82CC0DFF874C0C0F830C0243155
:10676000FCF7F2FE28BB23694BB1236853E8002FE6
:1067700042F4807243E800210029F7D100E0236849
:1067800003F1080252E8002F42F0010203F1080071
:1067900040E800210029F3D103F1080252E8002F5C
:1067A00042F0400203F1080141E800200028F3D143
:1067B00010BD10222023C4F884200120C4F88030AA
:1067C00010BD00BF5D6000083D6000085D5C000812
:1067D000D0F88030202B19D101B10AB901207047BF
:1067E0000023D0F800C00366DCF804301B020FD58C
:1067F00000B55CE8003F43F080634CE8003EBEF12A
:10680000000FF6D15DF804EBFFF78ABF0220704756
:10681000FFF786BF704700BF08B5FBF7BDFEBDE8B8
:106820000840FBF751BC00BF0148FCF727BF00BF81
:10683000000200200148FCF721BF00BF0811002022
:106840000148FCF71BBF00BFC010002008B5094B72
:106850001B68DA69D20604D4BDE808400548FFF792
:1068600037BA10221A6200F0CDFABDE8084001489C
:10687000FFF72EBA501100200120704708B501F033
:10688000E9FA162303604FF0FF3008BD08B501F0A8
:10689000E1FA16230360FEE770B5161E07DD0C460D
:1068A0008D19AFF3008004F8010BA542F9D13046F1
:1068B00070BD00BF70B5161E07DD0C468D1914F8AB
:1068C000010BAFF30080A542F9D1304670BD00BF87
:1068D0000C4A08B5136833B118446946884208D891
:1068E0001060184608BD084B13601844694688427A
:1068F000F6D901F0AFFA0C2303604FF0FF331846CE
:1069000008BD00BFE40F0020401300204FF0FF300F
:10691000704700BF4FF400534B600020704700BF2A
:1069200001207047002070471849194BD1F88800A2
:10693000184A40F47000C1F88800D3F800C0164827
:106940004CF0010CC3F800C0D3F804C00CEA0202FA
:106950005A601A6822F0847222F480321A601A682F
:1069600022F480221A605A6822F4FE025A60DA6A1F
:1069700022F00F02DA621A6B4FF0000C10404FF059
:1069800000621863C3F808C08A60704700ED00E039
:10699000001002400CC07FF8CCFC00FF00B583B0B3
:1069A0000190F9F701FE01990246002003B05DF85D
:1069B00004EBFAF767BB00BF2DE9F0412B4C2378BD
:1069C00084B0002B43D00020FAF778FB064678B35A
:1069D000274DDFF8A0800024012709E0DB0721D53F
:1069E00008F802C052BB00232B600134A6421FD01E
:1069F0002B687E2B02AA0DF107014FF0000017D87B
:106A00000297FAF769FB42F201430028EDD09DF8A6
:106A100007102A680D2923FA01F34FF0000C02F148
:106A20000100DBD90134A64208F802102860DFD14A
:106A300000F018FAA0B904B0BDE8F0810D48FBF7EA
:106A40000BFC20214FF09040FCF7F8FFCBE70A4AFF
:106A500002A8CDE90223FBF7F9FB01232370B2E77B
:106A600000F00AFA04B0BDE8F08100BFE80F002092
:106A7000EC0F0020F00F00209D69000800B583B0E6
:106A8000FBF758FA90F82C30DBB1FAF70DFA8DEDE0
:106A9000010AFBF74FFA9DED010AFBF771FAB5EE1B
:106AA000C00AF1EE10FA01DA03B000BD0020FAF7D7
:106AB00037FF9FED120A012003B05DF804EBFAF7EF
:106AC0002FBFFBF737FA0E490E4A0F4BD2ED000AE3
:106AD00093ED000A91ED001AFBF730FAFBF72AFA62
:106AE000DFED0A0A9FED0A0AFBF744FAFBF722FAE8
:106AF000084B93ED000AFBF77DFAC6E700000000A3
:106B000070100020741000207810002000E87D47ED
:106B1000000096431000002008B50120FAF776FB2C
:106B200000B908BD034800F08DF9BDE80840012018
:106B3000FAF77CBB1CA50008F0B53D4C3D4A236824
:106B40003D49013303FB02F2B1EB720F83B02360C6
:106B500001D203B0F0BDFAF7E3FF384DFAF7A4F91C
:106B600028688DED010AF9F777FC2DA3D3E90023FE
:106B7000F9F776FD064601980F46F9F76DFC2AA352
:106B8000D3E90023F9F76CFD0B460246394630463F
:106B9000F9F704FBF9F7B8FC002128602848FBF757
:106BA0000DF995ED000A20210020FBF76FF9022175
:106BB0002448FBF703F9FBF7BDF9FBF731FA202175
:106BC0000220FBF763F9002204211F48FBF72AF992
:106BD000FBF7B0F9FBF728FA14210420FBF756F96C
:106BE000482204211948FBF71DF9FBF7A3F9FBF72D
:106BF0001FFA5C210420FBF749F900220621144802
:106C0000FBF710F9FBF796F9FBF716FA14210620AB
:106C1000FBF73CF9FAF78CFF0023236003B0F0BDCB
:106C2000666666666666E63F333333333333D33F97
:106C30007C100020CDCCCCCC99999919140000205F
:106C400038A5000840A5000848A500084CA5000884
:106C500050A5000810B50C480C4C4FF4E13100234E
:106C6000C4E900010C222046C4E90233C4E904321D
:106C7000C4E90633C4E90833FFF7F2FC00B910BDDC
:106C8000BDE81040FAF748BF004400405011002012
:106C900010B50168364A88B000239142CDE902332D
:106CA000CDE90433069301D008B010BD02F5E632F9
:106CB0000446D06940F40030D061D06900F400305F
:106CC00000900098506940F40030506152699FED87
:106CD000267B02F40032019203200722CDE905024F
:106CE00002A94FF090408DED027BDDF804C0FCF767
:106CF0001FFD204A20481060002380211046C2E971
:106D00000133C2E90433C2E90633D160FCF77EFBEC
:106D1000184AF8B9194B1A48626754621022C3E93D
:106D20000002002180221846C3E90212C3E90411BF
:106D3000C3E90611FCF76AFB104B78B90022236700
:106D4000114626205C62FCF7E9FA2620FCF734FBAA
:106D500008B010BDFAF7E0FE064ADBE7FAF7DCFE02
:106D6000064BEBE7AFF300800C00000002000000D0
:106D700000440040081100206C000240C0100020B8
:106D80008000024010B50B4C0B484022002101F05E
:106D900001F820680849036843F0100303604022AB
:106DA0002046FFF715FD636F1A68136823F004038C
:106DB000136010BD5011002080100020012070478A
:106DC0000A4601460020FAF75DB900BF10B4084C2E
:106DD0000848094A0949E16000232370C4E90130E9
:106DE000C4E904232046A36110BCFAF7A5B900BF8B
:106DF000D811002054A50008BD6D0008C16D000821
:106E0000FFF7C0BF70B50C48FEF796FE0B4B1B6832
:106E10005E68402E0BD00A4DC6F14006002415F8DE
:106E2000011B00200134FAF71BF9A642F7D8BDE890
:106E30007040FFF7A7BF00BF5011002008110020CD
:106E40008010002038B503784BB1054D0446EB683F
:106E500020460121984714F8013F002BF7D138BD97
:106E6000D8110020034BD86FA0F12000B0FA80F0B9
:106E7000400970475011002010B5104CE36F202BD3
:106E8000C4B003D00023184644B010BD4FF4807343
:106E900003AA04A900200393FAF758F90028F1D0B7
:106EA000039A002AEED0019092B204A92046FEF780
:106EB000F7FD019B184644B010BD00BF50110020E3
:106EC000054B02689A4200D07047044B9B69002B27
:106ED000FAD00020184700BF00440040D81100201D
:106EE000002100F011BE70B504460D4645EC104B74
:106EF000164601F0BDFF51EC100B7EB1C5F30A53ED
:106F0000C3F16B03002B09DD1B0503F17F55002442
:106F100005F5401522462B46F9F7A2FB41EC100B74
:106F200070BD0000000000002DE9F04F9FB00E463C
:106F30001792002204901A924FF000084FF00009B7
:106F400019910A782B2A0D4601F101011CD00AD8AB
:106F50000D2A05D8082AF3D872B100230B9382E0DA
:106F6000202AEDD0F9E72D2A10D10122691C1991B0
:106F70000B926A78002A37D1179B1996002B40F0A4
:106F8000A88542464B462AE00022EFE700210B91FC
:106F9000302A40F09D806A7802F0DF02582A5AD1E8
:106FA00002930B9B01931AAB0093874A04981BAB87
:106FB00019A901F047F810F00F04064605D0062C79
:106FC00014D10135002319950B93179B002B40F02A
:106FD00082850B9B002BD4D0424609F1004343EC41
:106FE000102B1FB0BDE8F08F0D46D1E71A9A3AB1C9
:106FF00035211CA802F035F81A99049801F0ECFB31
:10700000013C042C06D8DFE804F014031E21140010
:10701000DDE91C89F10548BF49F0004929F000432A
:107020001B0D1B05002BD0D100F014FF22230360A1
:10703000CBE7DDE91C831B9A23F4801302F2334271
:1070400043EA0259E6E7DFF88891E3E76FF0004989
:107050004FF0FF38DEE7013519952B78302BFAD049
:10706000002BB2D001234FF0000A07932846CDF839
:1070700038A0D3460A230478A4F13002092A29D97A
:107080005249012200F08EFE002836D00020224610
:1070900006905C460146652A01D0452A16D124B9DE
:1070A000079B03433FF468AF0024199E731C199398
:1070B00072782B2A7FD02D2A00F083804FF0000CAD
:1070C000A2F13003092B40F2898019960023ACE02D
:1070D0000023C8E7BBF1080FDCBF0E9A03FB024296
:1070E00000F10100D5BF303A03FB0A420E92A2F133
:1070F000300A0BF1010B1990BDE7199B5A1C19922C
:107100005A78BBF1000F3BD006905C46A2F13003E9
:10711000092B11D90121BEE7199B5A1C19925A78E3
:107120000130302AF8D0A2F13103082B00F2D884C4
:107130000690199D00200446303A00F1010319D051
:107140000699059419440691A4464FF00A0E0CF1D5
:107150000107391B8B4215DC059920EAE0700144D8
:107160000134082904441CDC0E990A2303FB012383
:107170000E930023199A511C199152781846C5E7AD
:107180005846CEE7BCF1080F05DC0E990EFB01F165
:107190000E91BC46DBE70AFB0EFC102FD8BFE2467F
:1071A000F7E70F29DCBF0A2303FB0A2AE1E70023E4
:1071B0000693012174E74FF0000CB31C1993B278C9
:1071C0007EE74FF0010CF8E73CA90008C0A70008D3
:1071D0000000F07F199B5A1C19925A78302AF9D076
:1071E000A2F13103082B3FF671AFDDF864E0CDF872
:1071F00014E0A2F130030A93059B013319931A7826
:107200000593A2F13007092F3BD9A3EB0E03082BFE
:1072100044F61F633DDC0A9F9F42A8BF1F460597A7
:10722000BCF1000F02D0059B5B420593002C51D1AD
:10723000079B03437FF4C9AE00297FF49DAE692A02
:107240002BD028DC492A28D04E2A7FF495AE9F49BE
:1072500019A801F015F900283FF48EAE199B1B7890
:10726000282B31D19A491CAA19A801F01EF905282A
:107270002AD11D9BDDF8708043F0FF4949F4E009F5
:10728000A3E60A9B0A2707FB0327A7F130020A920D
:10729000B2E70593C4E76E2AD7E78E4919A801F033
:1072A000EFF800283FF468AE199B8B49013B19A801
:1072B000199301F0E5F810B9199B01331993DFF820
:1072C00028924FF0000880E6844800F001FE59EC57
:1072D000108B7AE6DDE905320E989B1ABBF1000FA0
:1072E00008BFA346102C0A932646A8BF1026F9F71C
:1072F00091F8092C8046894613DC0A9B002B3FF449
:1073000064AE0A9B6FDD162B56DC754901EBC30199
:10731000D1E9000142464B46F9F7A2F98046894679
:1073200053E66F4B03EBC60353E91223F9F798F9C1
:10733000804650468946F9F76DF802460B464046AE
:107340004946F8F72BFF0F2C80468946D5DD0A9B6E
:10735000A4EB060A9A44BAF1000F40F392802AF097
:107360000F061AF00F0A4DD1B6F59A7F5ADC49463E
:10737000DFF87091361140460027012E76D1A1F139
:107380005479584901EBC70102464B46D1E9000147
:10739000F9F766F9544B0A460B4054498B42804634
:1073A00040D8A1F580118B4286BFDFF844914FF0A1
:1073B000FF3802F1547932E00A9AC4F1250393426E
:1073C000C5DB474DC4F10F0405EBC40142464B46F3
:1073D000D1E90001F9F744F90A9B1C1B05EBC40530
:1073E000D5E9002398E71633B1DBDDE905239A1AC6
:1073F0003B4B03EBC203D3E9002340464946F9F770
:1074000059FA8BE7364901EBCA0142464B46D1E9AE
:107410000001F9F725F980468946002EA4D1002302
:1074200007939BE0002405940E940694049ADFF8D9
:10743000B890222313604FF000080E9B002B3FF4FE
:10744000C4AD1A99049801F0C7F90699049801F09F
:10745000C3F9DDE9040101F0BFF90E99049801F0C8
:10746000BBF90498214601F0B7F9AEE5F20703D560
:10747000D9E90023F9F7F4F80137761009F1080982
:107480007BE7CCD0CAF1000A4FEA2A161AF00F0A9D
:107490000DD11F2E2EDD002405940E940694049A1F
:1074A00022234FF000084FF000091360C5E70C4B92
:1074B00003EBCA0340464946D3E90023F9F7FAF93A
:1074C00080468946002EAAD0E3E700BFCBA700087C
:1074D00028A90008C2A70008C5A7000827A9000816
:1074E000B0A9000888A900080000F07F0000A07C77
:1074F000FFFFEF7F16F0100318BF6A23754F079345
:1075000040464946F30703D5D7E90023F9F7A8F821
:10751000761007F10807F5D1079B80468946ABB185
:10752000C1F30A52C2F16B03002B0F460EDD1F2B75
:1075300055DD342BDEBF4FF0FF33C2F14B029340D9
:10754000B046CCBF4FF05C7903EA0109002200236A
:1075500040464946F9F7ECFA00289CD10E9B00936F
:10756000049823465A46294601F09EF90E900028B9
:107570003FF458AFDDE905239B1A0A9A002AA8BFF9
:1075800000231493002422EAE273169305940E9BC1
:107590000498596801F0E2F8069000283FF446AFDD
:1075A0000E9B1A69023203F10C0192000C3000F0BC
:1075B0007EFC49EC108B04981CAA1BA9CDE90C8910
:1075C00001F0C6FC1A9000283FF430AF0498012166
:1075D00001F000FA0590034640B9059326E74FF005
:1075E000FF3202FA03F303EA0008AFE71B9D079A94
:1075F000002DABBF149B169B169E149FACBFEF18BB
:107600005E1B1C9BAD1A1D44334A013D9542C3F1DC
:10761000360354DA3149521B8D42A3EB02034FF07B
:10762000010140DB01FA02FA002507EB030B1E44BF
:10763000079B5F451E443B46A8BF5B46B342A8BFBD
:107640003346002BC2BFABEB030BF61AFF1A149B99
:10765000002B18DD1A46DDE9040101F087FA0590D8
:1076600003460028B9D001461A9A049801F0C8F9D7
:10767000034600283FF4DAAE1A9904980F9301F0FC
:10768000ABF80F9B1A93BBF1000F1ADC0A9B002B7F
:1076900026DD169A0699049801F068FA06900346CA
:1076A000F0B90693C2E6C5F17F4505F57F0505F5FE
:1076B0007B45E23501FA05F54FF0010AB5E70025F3
:1076C000FAE71A9904985A4601F0ACFA1A90002881
:1076D000DCD1ABE650A9000802FCFFFFE3FBFFFF93
:1076E000002E08DD06990498324601F09BFA0690B8
:1076F00003460028D5D0002F08DDDDE904013A4615
:1077000001F090FA059000283FF490AE069A1A997D
:10771000049801F015FB044600283FF487AEC368C7
:107720000F9300230599C36001F0EEFA00283CDABC
:107730000F9B53EA08035FD1C9F313034E46002B96
:107740005AD129F000431B0D1B05B3F1D66F53D955
:10775000636913B92369012B4EDD21460122049888
:1077600001F060FA0599044601F0CEFA002843DDE5
:10777000AD4B079A3340002A5DD0B3F1D66F5AD88B
:10778000B3F15C7F7FF68BAEA84B404649460022A2
:10779000F8F766FFA44B0B4080468946002B7FF428
:1077A00050AE049A222313604BE64E4660D10F9AE6
:1077B000C9F313034AB39E4A934229D1079B41461A
:1077C000F3B1994B09EA0303B3F1D46F4FF0FF32E1
:1077D00019D81B0DC3F16B0302FA03F3994217D1B9
:1077E000944B9E4202D101313FF420AE8E4B334088
:1077F00003F580194FF00008079B002BC4D120E649
:107800004FF0FF33EAE71346E8E753EA0803AFD047
:10781000D5B13542F0D00F9B079A40464946B3B1E7
:10782000FFF761FBDDE90C0153EC102BF8F7B6FC18
:1078300080468946E0E7A3F580136FEA13596FEAA3
:1078400009594FF0FF38D7E71AEA080FE2E7FFF7C8
:107850004AFBDDE90C0153EC102BF8F79DFC0022EC
:10786000002380468946F9F763F90028C4D016E65C
:107870000599204601F0C4FB5BEC10AB00224FF0F1
:10788000804350465946F9F767F9002872D00F9B9C
:10789000002B7DD1B8F1000F58D1C9F31303002B91
:1078A0005AD1654B002250465946F9F74BF900284A
:1078B0005BD150465946614B0022F8F7D1FE824613
:1078C0008B460BF10043CDF820A00993DDE9082396
:1078D000554DCDE9102306EA05031593584B06EAEA
:1078E00005029A4240F0B080A6F1547949EC108B21
:1078F00001F0BEFADDE9082351EC100BF8F7B0FEF9
:1079000042464B46F8F74AFC4E4A0D4095428046A7
:1079100045D90D9A474B9A4203D10C9B01333FF452
:1079200085ADDFF810914FF0FF381A99049800F0F8
:1079300053FF0699049800F04FFFDDE9040100F0C1
:107940004BFF0498214600F047FF20E6B8F1010FF5
:1079500002D1002E3FF4A3AD9FED2B7BDFF8D8B012
:107960008DED087B4FF0000AB0E7DFF8D0B04FF0A4
:10797000000AA6E7314B504659460022F8F770FE40
:107980000F9B82468B46002B9BD0CDE908AB9DE731
:107990009FED1F7B8DED087B5BEC17AB96E701F14C
:1079A0005479079B002BC0D1159A29F000431B0D79
:1079B000B2EB035FB9D15046594602F087FAF8F7A7
:1079C00075FD02460B4650465946F8F7E5FB0F9AFF
:1079D000C9F3130343EA0803134306460F4672D064
:1079E0000DA3D3E90023F9F7ADF800287FF429AD02
:1079F0000BA3D3E9002330463946F9F7C1F8002834
:107A000093D01EE5AFF30080000000000000F0BF3F
:107A1000000000000000F03F9535A094FFFFDF3F1D
:107A200035E5AF350000E03F0000F07F0000503941
:107A3000FFFF0F00FFFFEF7F0000F03F0000E03F7F
:107A40000000E07FFFFF9F7C079B33B3159BB3F1E2
:107A5000D46F22D828A3D3E9002350465946F9F71A
:107A60007BF8A0B159465046F9F794F8012838BF81
:107A70000120F8F7CFFC0F9B82468B4603BB01F138
:107A8000004312901393DDE91223CDE91023119BDB
:107A9000159A03F1D6639B1A11939DED0C0BDDE94A
:107AA000106701F0E5F9304653EC102B3946F8F732
:107AB000D7FDDDE90C23F8F771FB8046894670E7B6
:107AC000CDE912ABDFE70EA3D3E90023F9F73AF8CB
:107AD00095E700230B93179A199B1360FFF779BA68
:107AE000652A3FF464AB452A3FF461AB0121FFF7FF
:107AF0009FBB00BFAFF300800000C0FFFFFFDF416E
:107B00009535A094FFFFCF3F0A4601460248034B3C
:107B10000068FFF709BA00BF900100202400002090
:107B2000002310B50446C0E90033C0E90433836084
:107B300081814366C2818361194608225C3000F06E
:107B400029F90D4B63620D4BA3620D4BE3620D4BA4
:107B500023630D4B24629C4206D003F168029442D9
:107B600002D0D0339C4205D104F15800BDE810404A
:107B700000F09AB910BD00BF0D7D00082F7D0008F0
:107B8000677D00088D7D0008F4110020024A03493A
:107B9000034800F06BB800BF18000020F5970008FC
:107BA0009401002041680C4B994210B5044601D065
:107BB00001F020FEA168094B994202D0204601F055
:107BC00019FEE168064B994204D02046BDE81040FA
:107BD00001F010BE10BD00BFF41100205C120020A7
:107BE000C412002010B50A4B0A4A1A600A48002243
:107BF0000421FFF795FF094801220921FFF790FFB3
:107C0000BDE81040064802221221FFF789BF00BFDD
:107C10002C1300208D7B0008F41100205C12002042
:107C2000C4120020014800F040B900BF3513002005
:107C3000014800F03BB900BF3513002010B50446E1
:107C4000FFF7F0FF236A1BB1BDE81040FFF7F0BF5C
:107C5000044B2362044B1B68002BF5D1FFF7C2FFD6
:107C6000F2E700BFA57B00082C1300202DE9F843A4
:107C70008046894614460026D4E90175013F05D5A2
:107C80002468002CF8D13046BDE8F883AB89012B7D
:107C900007D9B5F90E30013303D029464046C8470D
:107CA00006436835EAE700000CB430B5154B0C1EEE
:107CB0001D689DB008DA8B232B604FF0FF301DB09C
:107CC000BDE8304002B070474FF000031B9318BF6F
:107CD0000123E31A049307930B4B0290069005933C
:107CE000209A21AB02A92846019301F06BFA431CAC
:107CF000BCBF8B232B60002CE1D0029B00221A70AA
:107D0000DDE700BF900100200802FFFF10B50C4620
:107D1000B1F90E1000F07AF80028ABBF636DA389AB
:107D20001B1823F48053ACBF6365A38110BD2DE9FC
:107D3000F0411F468B89DB0505460C46164605D5E6
:107D4000B1F90E100223002200F04EF8A389B4F915
:107D50000E1023F48053A38132463B462846BDE8EB
:107D6000F04100F065B810B50C46B1F90E1000F006
:107D70003BF8B4F90C30421C0BBF23F4805343F49E
:107D80008053A381A38118BF606510BDB1F90E10A7
:107D900000F01AB802440346934200D1704703F83A
:107DA000011BF9E710B56AB101398418027811F89E
:107DB000013F9A4204D10130A04201D0002AF5D1FE
:107DC000D01A10BD1046FCE738B5064C0023054616
:107DD00008462360FEF79AFD431C02D1236803B1D5
:107DE0002B6038BD3013002038B5074C05460846D7
:107DF0001146002222601A46FEF794FD431C02D170
:107E0000236803B12B6038BD3013002038B5074C10
:107E1000054608461146002222601A46FEF73CFD40
:107E2000431C02D1236803B12B6038BD30130020FE
:107E300038B5074C054608461146002222601A460E
:107E4000FEF738FD431C02D1236803B12B6038BD17
:107E500030130020014B1868704700BF90010020CC
:107E600070B50D4B0D4C00261D1BB6EBA50F09D1AF
:107E700002F062F80A4C0B4B00261D1BB6EBA50F57
:107E800005D170BD54F8043B98470136EDE754F82E
:107E9000043B98470136F1E784AB000884AB000847
:107EA00084AB000888AB00087047704770470A44ED
:107EB000914200F1FF3300D1704710B511F8014B2A
:107EC00003F8014F9142F9D110BD000000000000FD
:107ED0009FED010B704700BF000000000000F87F1D
:107EE00037B5002944D051F8043C0190002BA1F192
:107EF0000404B8BFE41800F025FC1E4A019813687A
:107F000033B96360146003B0BDE8304000F020BCBA
:107F1000A34208D9256861198B4201BF19685B68C3
:107F200049192160EDE71A465B680BB1A342FAD903
:107F300011685518A5420BD1246821445418A34256
:107F40001160E0D11C685B6853600C441460DAE790
:107F500002D90C230360D6E7256861198B4204BF60
:107F600019685B68636004BF491921605460CAE7FF
:107F700003B030BD3C1300200369B3EB611F2DE952
:107F8000F0434FEA611200F1140443DD11F01F01C8
:107F900004EB830C04EB82050CD100F1100629469A
:107FA000614532D39B1A9B00033DAC4538BF00238B
:107FB000234414E054F82260C1F12008CE4005F1BA
:107FC000040EA146F44515D89A1A9200043A0135D8
:107FD000AC4538BF0022A318A65006B104331A1BC3
:107FE000A3424FEAA20208BF0023026108BF436117
:107FF000BDE8F083DEF8007007FA08F7374349F868
:10800000047B5EF8046BCE40DCE751F8047B46F855
:10801000047FC5E72346E2E7A0F13003092B02D82D
:108020002038C0B27047A0F16103052B01D8473852
:10803000F7E7A0F14103052B01D82738F1E700202D
:10804000704700002DE9F04F85B00F4602930B6892
:10805000019091469C1C20783028A04604F1010430
:10806000F9D0A8EB0303A3F1020BFFF7D5FF82467B
:10807000002838D19F4901224046FFF793FE05466C
:10808000002863D198F801002646FFF7C5FF0028B5
:108090005ED020783028A04604F10104F9D0FFF723
:1080A000BBFFB0FA80F4640935464FF0010BC246BD
:1080B00056460AF1010A3078FFF7AEFF0028F7D1E3
:1080C0008C4901223046FFF76DFE78B945B9554617
:1080D00056460AF1010A3078FFF79EFF0028F7D1D3
:1080E000AD1BAD0004E000242546E0E7002DF7D1EC
:1080F000337803F0DF03502B37D173782B2B29D043
:108100002D2B2BD0711C4FF0000A0878FFF784FF4D
:10811000431EDBB2182B28D8A0F1100211F8010F72
:10812000FFF77AFF431EDBB2182B1AD9BAF1000F02
:1081300000D0524215443960CCB1BBF1000F0CBFE6
:1081400006270027384605B0BDE8F08F464655465D
:108150000124CDE74FF0000AB11CD6E74FF0010A29
:10816000FAE70A2303FB0200D6E73146E3E7A6EB72
:108170000803013B2146072B0ADC019800F0EEFAC8
:10818000044640B95C4B0246E4215C4801F084FBA4
:1081900001315B10EFE700F1140A002357469B46BC
:1081A000B04537D347F804BBA7EB0A07BB102361E0
:1081B000584600F0C3FBD9F80060C0EBC707B742D0
:1081C00054DDBF1B3946204600F06EFF804678B173
:1081D0007B1E591103F01F025AF821104FF00108BD
:1081E00008FA02F20A4203D0434536DC4FF0020897
:1081F00039462046FFF7C0FE3D44D9F80830AB426F
:1082000042DA0198214600F0E7FA0E9A0023136043
:10821000A32797E716F8012D2E2A12D0202B04D180
:1082200047F804BB4FF0000B5B4630780393FFF731
:10823000F3FE039B00F00F0098404BEA000B043361
:10824000AEE7B045EAD82B49039301223046FFF749
:10825000A9FD039B0028E1D1A2E7B91E204600F04A
:1082600023FF0028C2D04FF00308C1E709DAF71B4B
:10827000214601983A4600F0D5FCED1B044600F17A
:10828000140A4FF00008B8E7D9F80430AB426FDDAC
:108290005D1BAE4234DCD9F80C30022B22D0032B0C
:1082A00024D0012B15D1AE4213D1012E0BD1029A4D
:1082B000D9F80430136001232361CAF800300E9B03
:1082C00062271C603EE7711E204600F0EDFE00288C
:1082D000EDD10198214600F07FFA0E9A0023136039
:1082E00050272FE70F9B002BF3D1E0E70F9B002BCC
:1082F000DDD1EEE7C0A70008D6A70008E7A7000871
:108300006F1EB8F1000F30D127B13946204600F07A
:10831000CBFE80467A1101235AF8222007F01F076E
:10832000BB4013422946204618BF48F00208761B7E
:10833000FFF722FED9F804500227B8F1000F42D00F
:10834000D9F80C30022B15D0032B17D0012B09D1F3
:1083500018F0020F06D0DAF8003048EA030818F0E7
:10836000010F0ED147F010072DE04FF00108D1E7C3
:108370000127E2E70F9BC3F101030F930F9B002B33
:10838000F0D0D4F810A004F1140303EB8A0100200C
:108390001A68B2F1FF3F1BD001321A60022F04F1BC
:1083A00014033CD1D9F80020013AB24209D171112D
:1083B000012253F8213006F01F0602FA06F61E428B
:1083C0003AD147F020070E9B1C60029B1D60B9E666
:1083D00043F8040B9942DBD8A3689A4517DB616820
:1083E0000198013100F0BAF9804618B91A4B0246DB
:1083F0008421CAE62269023204F10C0192000C3099
:10840000FFF755FD2146019800F0E6F9444623693F
:108410005A1C04EB8303226101225A61BEE72269E0
:1084200052450BDD01212046FFF7A6FDD9F80830A3
:108430000135AB42FFF6E5AE0127C2E716F01F0695
:10844000FAD003EB8A03C6F1200653F8040C00F0BF
:1084500075FAB042E6DBEFE7D6A70008C2F10802E2
:10846000920070B5C2F120064368046803FA06F56D
:108470002C43D340046040F8043F8842F4D370BDDD
:1084800030B503680139013311F8014F14B90360A5
:10849000012030BD13F8012BA2F14105192D98BF21
:1084A0002032A242F0D00020F3E72DE9F04F0B6814
:1084B00087B05E11029013F01F0302EB8606019352
:1084C000029B18BF04360025371F196846F8045C64
:1084D0009046B9463C46AB46AA464A784B1C0393A5
:1084E00032B3104605910492FFF796FD002851D152
:1084F000049A0599202A16D8DA4512DD4C4506D291
:10850000072D04DC2A4649462046FFF7A7FF4445CD
:1085100053D90023A4F1040944F8043CD3464C4643
:108520001D460399D9E7292A59D1029B02311960C6
:10853000BAF1000F53D04C4506D2072D04DC2A4671
:1085400049462046FFF78AFF444538D9A8F104027E
:10855000234653F8041B42F8041F9F42F9D23B1BE9
:1085600023F003030134033EB44288BF002308F123
:108570000402134400211A4604339F421160FAD2C8
:108580003B681BB9474528D101233B60052007B054
:10859000BDE8F08F0135082D0AF1010A06DD4445DA
:1085A000BFD9002344F8043C0125043C226800F0B4
:1085B0000F0040EA02102060B3E70825B1E7019BF5
:1085C000002BDDD0C3F120034FF0FF32DA4056F824
:1085D000043C134046F8043CD2E7043FD0E70420B3
:1085E000D5E7000070B50F4C0E462168054611B95D
:1085F00001F042F920603146284601F03DF9431C64
:1086000003D14FF0FF34204670BDC41C24F0030496
:10861000A042F8D0211A284601F02EF90130F2D1FB
:10862000EFE700BF381300202DE9F843CD1C25F0FB
:10863000030508350C2D38BF0C25002D064601DB3F
:10864000A94204D90C2333600020BDE8F883334FDE
:1086500000F078F83B681C463CBB29463046FFF7E3
:10866000C1FF431C044656D13C68A046B8F1000F38
:1086700040D1002C49D023684146304604EB030921
:1086800001F0FAF8814540D121686D1A294630463B
:10869000FFF7A8FF013038D023682B4423603B68E4
:1086A0005A685ABBC7F800800EE02268521B1ED4DD
:1086B0000B2A16D96119A342256018BF5960636857
:1086C00008BF396062514B60304600F041F804F158
:1086D0000B00231D20F00700C21A1CBF1B1AA35059
:1086E000B3E76268A3420CBF3A605A60ECE72346E6
:1086F0006468B1E74446D8F80480B7E71A465B6877
:10870000A342FBD100235360DEE70C2333603046E5
:1087100000F01EF898E70560D6E700BF3C13002084
:1087200082B001B901A942B14BB113780B60127844
:10873000101E18BF012002B070471046FBE76FF013
:108740000100F8E70148FFF7B0BB00BF3413002079
:108750000148FFF7ABBB00BF3413002070B5C469FC
:1087600005460E4684B9102001F0C8F80446E861B9
:1087700028B90246164B17486B2101F08DF80023EB
:10878000C0E901330360C360E36853B921220421C7
:10879000284601F09FF8EB69E060DB680BB9002028
:1087A00070BD53F8260030B1026843F8262000233C
:1087B000C0E90333F4E7012101FA06F4621D9200D7
:1087C000284601F087F80028E9D0C0E90164EEE707
:1087D00048A800085FA8000870B5C46906460D46A1
:1087E00074B9102001F08AF80246F06120B9094BF3
:1087F00009488F2101F050F8C0E901440460C460C9
:108800003DB1F3696A68DB6853F82210296043F8C8
:10881000225070BD48A800085FA800082DE9F0416B
:108820000D6907460C461E4601F1140C0020DCF8C9
:10883000003099B202FB01611E0C0B0C02FB0633E7
:1088400089B2013001EB034185424CF8041B4FEA29
:108850001346ECDC0EB3A368AB4219DC6168384602
:108860000131FFF77BFF804628B902460C4B0D48CB
:10887000BA2101F011F82269023204F10C019200D0
:108880000C30FFF714FB21463846FFF7A5FF44469E
:1088900004EB850301355E6125612046BDE8F0816A
:1088A000D6A700085FA800082DE9F84388461446BB
:1088B0001F4609220833064693FBF2F300210122EA
:1088C0009A4209DB3046FFF749FF40B90246194B8F
:1088D0001948D32100F0E0FF52000131F0E7089B76
:1088E0004361092C4FF00103036108DC08F10A051C
:1088F0000924641B2B199F4212DCBDE8F88308F1A0
:108900000905A946A04419F8013B0146303B0A225B
:108910003046FFF783FFC145F5D12544083DE8E720
:1089200015F8013B0146303B0A223046FFF776FF3F
:10893000E0E700BFD6A700085FA80008B0F5803FB9
:10894000034636BF030400201020B3F1807F3CBFF4
:108950001B020830B3F1805F3CBF1B010430B3F150
:10896000804F3CBF9B000230002B04DB5B0001D535
:108970000130704720207047036813F0070201465A
:108980000BD0DA0722D4980749BF5B089B08012067
:108990000B605CBF0B600220704798B2A0B91B0C43
:1089A0001020DAB20AB908301B0A1A0704BF1B09E3
:1089B00004309A0704BF9B080230DA0702D45B0830
:1089C00006D001300B6070471046EAE70020704780
:1089D0002020704710B50C460121FFF7BFFE02466C
:1089E00028B9054B054840F2451100F055FF012319
:1089F0004461036110BD00BFD6A700085FA800084E
:108A00002DE9F04FD1F81080D2F81090C84585B00C
:108A10000E46144604DB4B460C46C14616469846A5
:108A2000A368616809EB0807BB42B8BF0131FFF7D3
:108A300095FE30B902464B4B4B484FF4B17100F0F4
:108A40002BFF00F1140505EB870B2B4600225B453D
:108A500022D306F1140101EB880304F1140C0CEB92
:108A6000890C029304F1150363458CBF0023012395
:108A70000093ACEB0403153B9B080193029B03910D
:108A80008B420CD8002F03DD5BF8043D002B67D030
:108A9000076105B0BDE8F08F43F8042BD7E7B1F8C4
:108AA00000A0BAF1000F28D004F11408A9464FF035
:108AB000000E58F8042BD9F8003096B29BB20AFB8E
:108AC0000633D9F80060120C360C73440AFB0266B8
:108AD00006EB13469BB243EA0643C44549F8043B00
:108AE0004FEA164EE5D8009A019B002A4FEA83030D
:108AF00008BF00232B44C3F804E0039BB3F802E053
:108B00000431BEF1000F29D02B6804F114069846F9
:108B1000A9464FF0000A32880EFB02A202EB18426F
:108B20009BB243EA024349F8043B56F8043BD9F8A8
:108B300000804FEA134A1FFA88F30EFB0A3303EB57
:108B40001243B4454FEA134AE5D8009E019A002E1D
:108B50004FEA820208BF00222A44536004358DE7A1
:108B6000013F8FE7D6A700085FA800082DE9F8436A
:108B7000174612F0030280460D4607D0264C013AF4
:108B8000002354F82220FFF749FE0546BF103FD0CE
:108B9000D8F81C4094B9102000F0B0FE0446C8F884
:108BA0001C0030B902461D4B1D4840F2B31100F0C5
:108BB00073FE0023C0E901330360C360A66846B9B1
:108BC00040F271214046FFF705FF0023A0600646F2
:108BD00003602C464FF0000907F001037F1053B1EA
:108BE000294632464046FFF70BFF214605464046E0
:108BF000FFF7F2FD67B1306838B93246314640467A
:108C0000FFF7FEFE3060C0F8009006462C46E3E712
:108C10002846BDE8F88300BF78A9000848A80008E6
:108C20005FA800082DE9F84F0C4649682669A3683B
:108C300006EB6216074691464FEA621A06F10108F2
:108C400043450BDB3846FFF789FD054648B9024628
:108C50002B4B2C484FF4EF7100F01EFE01315B00EE
:108C6000EEE700F1140100230A461846534539DBAC
:108C700020692AEAEA7A01EB8A0104F1140319F067
:108C80001F098C4603EB800030D0C9F1200A4FF059
:108C9000000E1A68E34602FA09F242EA0E02CBF825
:108CA000002053F8042B98420CF1040C22FA0AFE1F
:108CB000EFD8031B153B23F0030304F11502904288
:108CC00038BF00231944C1F804E0BEF1000F00D101
:108CD000B0463846C5F810802146FFF77DFD28468E
:108CE000BDE8F88F42F8040B0133BFE753F8041BCB
:108CF000CCF8001098420CF1040CF7D8E8E700BF5C
:108D0000D6A700085FA8000803690A699B1A30B556
:108D10000ED11430143100EB820401EB820154F8BF
:108D2000045D51F8042D954204D006D24FF0FF3374
:108D3000184630BDA042F2D3FAE70123F8E700005D
:108D40002DE9F74F8A460646114650461446FFF76E
:108D5000DBFF051E12D129463046FFF7FFFC024615
:108D600028B9414B40F23721404800F095FD0123DE
:108D7000C0E90435104603B0BDE8F08FBCBF5346D0
:108D8000A2463046DAF80410BABF1C460125002579
:108D9000FFF7E4FC024618B9334B40F24521E3E704
:108DA000DAF810702669C5600AF1140904F1140E8E
:108DB00000F114050AF1100309EB87080EEB860693
:108DC0000193AB464FF0000C019B5EF8040B53F887
:108DD00004AF01931FFA8AF183B2CB1A000C6344EB
:108DE000C0EB1A4000EB23409BB243EA00437645B8
:108DF0004BF8043B4FEA204CE6D8331B153B1534A7
:108E000023F00303A64238BF0023E8184B441C1D7F
:108E100004302646A5EB090546450ED308F10301AB
:108E2000091B21F003010133984538BF002101449B
:108E300051F8043DABB117619CE706EB050E56F8FF
:108E4000041BE2464FEA11491CFA81FC514409EB2C
:108E50002C4989B241EA09414FEA294CCEF8001069
:108E6000DAE7013FE4E700BFD6A700085FA80008E3
:108E700082B08DED000B019A0F4B1340A3F150739C
:108E8000002B08DC5B42B3F1A07F4FEA235204DAE7
:108E90004FF400231341002208E0A2F114031E2B1B
:108EA000DABF4FF00042DA40012200231946104693
:108EB00041EC100B02B070470000F07FF8B5056977
:108EC00000F1140606EB85052F1F55F8044C2046CB
:108ED000FFF734FDC0F120030A280B6016DCC0F157
:108EE0000B0C24FA0CF1BE4241F07F5334BF55F80D
:108EF000081C0021153004FA00F021FA0CF143F4AB
:108F0000401301430A4643EC102BF8BDBE423ABF62
:108F100055F8081CA5F1080700210B3812D0C0F144
:108F2000200521FA05F384401C43B74244F07F53E7
:108F30008CBF57F8044C00248140EC4043F44013AC
:108F40002143DFE744F07F5343F44013DAE70000A6
:108F50002DE9F7430F46012159EC108B1646FFF718
:108F6000FDFB054630B90246234B244840F20F3141
:108F700000F092FCC9F30A54C9F313030CB143F493
:108F800080130193B8F1000323D068460093FFF7E4
:108F9000F3FC0099D8B1019AC0F1200302FA03F35F
:108FA0000B43C2406B610192019BAB61002B0CBF74
:108FB000012202222A61A4B1A4F2334404443C6099
:108FC000C0F135003060284603B0BDE8F083696128
:108FD000EAE701A8FFF7D0FC019B6B61203001227A
:108FE000E8E705EB8203A0F2324038601869FFF72A
:108FF000A5FCC0EB4210E5E7D6A700085FA8000873
:10900000F7B50E4669460746FFF758FF01A93046F7
:1090100055EC104BB0EE407AF0EE607AFFF74EFF61
:1090200033693A69D21ADDE900369B1B03EB421320
:10903000002BD4BF10EE902A17EE902A51EC100BA3
:10904000D6BFC3EB033302EB035502EB03510B46D0
:10905000024629462046F7F72DFC41EC100B03B0E1
:10906000F0BD013970B549111469013102F11403E1
:1090700000EB810103EB8404051FA3420CD3A31A68
:10908000113B23F003031132944238BF00231844EC
:109090000023884205D370BD53F8046B45F8046F74
:1090A000EBE740F8043BF4E700F1140200694B11D0
:1090B000984210B511DB0ADD11F01F0107D052F8FC
:1090C000234024FA01F000FA01F18C420BD102EBAB
:1090D0008303934203D8002010BD0346F7E753F8FB
:1090E000041D0029F5D00120F6E749B1FF2A85BF0C
:1090F0008A2303600A704FF0FF3098BF0120704749
:10910000084670472DE9F0478E681F46BE428246EA
:109110000C469046334653D8B1F90C0010F4906FCA
:109120002BD065692368096905EB4505A3EB0109A7
:1091300005EBD5757B1C6D104B44AB422A4684BFB2
:109140001D462A46430527D511465046FFF76CFABF
:10915000064658B321694A46FEF7A9FEA38923F4BF
:10916000906343F08003A381266165614E44A5EBC3
:1091700009052660A5603E463B461F4620683A46E4
:10918000414600F05FFBA3689B1BA36023683B4440
:1091900023600020BDE8F087504600F0B7FB06468C
:1091A0000028E1D121695046FEF79AFE0C23CAF847
:1091B0000030A38943F04003A3814FF0FF30E9E77B
:1091C0003E46DBE72DE9F0471F468B891B069CB026
:1091D00006460D46144610D50B6973B94021FFF7BA
:1091E00023FA2860286130B90C2333604FF0FF3038
:1091F0001CB0BDE8F08740236B6100230993202356
:109200008DF8293003973023654F8DF82A304FF0C1
:10921000010823461A7899461AB1252A03F1010359
:10922000F8D1B9EB040A0BD0534622462946304602
:10923000FFF768FF013000F0A380099A52440992B9
:1092400099F80030002B00F09B8000224FF0FF3394
:10925000CDE9053209F10109049207928DF85320F6
:109260001A924C46052214F8011B4D48F7F7A8F94D
:10927000049AD0B9D00644BF20238DF8533011078B
:1092800044BF2B238DF8533099F800302A2B13D08C
:1092900007994B4600204FF00A0C1A78303A092AF9
:1092A0001C464AD9A8B1079113E0C01B08FA00F088
:1092B00010430490A146D4E7039B191D1B6803913A
:1092C000002BBBBF5B4242F0020207930793B8BF7B
:1092D000049223782E2B0AD163782A2B32D1039B58
:1092E0001A1D1B68039243EAE37302340593DFF807
:1092F000C090217803224846F7F762F938B1049B01
:10930000A0EB0900402282401343013404932178EA
:1093100024488DF828100622F7F752F9002835D096
:10932000214818BB039B073323F00703083303933B
:10933000099B0344013409936BE701330CFB0121C2
:109340000120AAE700230593611C18464FF00A0C80
:109350000A78303A092A0C4603D9002BC7D0059069
:10936000C5E701310CFB00200123F1E703AB0093BB
:109370002A460E4B04A93046AFF30080421CD7D1D9
:10938000AB895B063FF532AF099831E703AB009339
:109390002A46064B04A9304600F082F8EEE700BFEB
:1093A000B9A80008C3A80008000000000591000843
:1093B000BFA800082DE9F047914698468A680B69D6
:1093C000089E9342B8BF1346C9F8003091F8432075
:1093D00007460C4612B10133C9F8003023689906DC
:1093E00042BFD9F800300233C9F80030256815F0C3
:1093F000060507D104F1190AE368D9F800209B1A81
:10940000AB4229DC94F843302268003B18BF0123AB
:1094100092062ED404F1430241463846B04701304B
:1094200021D02368A168226903F00603042B01BF41
:10943000E568D9F80030ED1A25EAE57518BF002572
:109440008B1A2B449142C8BF1D464FF000091A34B5
:109450004D451AD1002008E00123524641463846C6
:10946000B047013003D14FF0FF30BDE8F087013540
:10947000C2E7E1185A1C302081F84300224494F8D6
:10948000451082F843100233C4E7012322464146C7
:109490003846B0470130E6D009F10109D8E70000AD
:1094A0002DE9F04398460B7E85B0782B174606468B
:1094B0000C9A0C4609D8622B01F1430108D8002B05
:1094C00000F0DC80582B00F0BD8004F1420539E04B
:1094D000A3F163001528F8D801A555F820F000BFC6
:1094E000399500084D950008CB940008CB940008EE
:1094F000CB940008CB9400084D950008CB9400084D
:10950000CB940008CB940008CB9400085D9600082B
:10951000799500080B960008CB940008CB940008BE
:1095200085960008CB94000879950008CB94000834
:10953000CB940008139600081368191D1B6811606E
:1095400004F1420584F842300123A8E0136825683D
:10955000181D1060280601D51B6803E06A06FBD5BC
:10956000B3F90030002B03DA2D225B4284F843204C
:10957000DFF878C10A2213E02568106815F0800F23
:1095800050F8043B02D16D0648BF9BB21060227EAA
:10959000DFF858C16F2A5DD10822002084F843000B
:1095A0006568A560002D05DB20681D4320F00400E0
:1095B000206051D00D46B3FBF2F002FB103E9A4200
:1095C0001CF80EE005F801ED0346F4D9082A0BD18A
:1095D0002368DA0708D5236962689A42DEBF302320
:1095E00005F8013C05F1FF35491B2161CDF80080EC
:1095F0003B4603AA21463046FFF7DCFE013053D13B
:109600004FF0FF3005B0BDE8F083236843F020033E
:109610002360DFF8DCC0782384F8453020681568C3
:1096200010F0800F55F8043B03D110F0400F18BF25
:109630009BB21560C50744BF40F02000206023B1F5
:109640001022AAE7DFF8A4C0E6E7226822F0200291
:109650002260F5E70A22A0E70D46B7E71368D4F8C1
:1096600000C060691D1D15601CF0800F1B6801D0D3
:10967000186003E01CF0400FFAD01880002323612B
:109680000D46B3E71368191D11601D68626800215B
:109690002846F6F795FF08B1401B606063682361B8
:1096A000002384F84330A1E723692A46394630462F
:1096B000C0470130A4D023689B0714D4E068039B03
:1096C0009842B8BF18469DE7012304F119023946B4
:1096D0003046C047013093D00135E36803995B1AE7
:1096E000AB42F1DCEAE70025F7E700BFCAA80008B3
:1096F000DBA80008B1F90C202DE9F041160705465A
:109700000C4651D44B68002B02DC0B6C002B49DD5E
:10971000E66A002E46D0002312F480522F682B6098
:1097200031D0626DA389590705D56368D21A636B7E
:109730000BB1236CD21A0023E66A216A2846B0478F
:10974000421CB4F90C3006D129681D2945D8284A95
:10975000CA40D60741D500226260D904226922603E
:1097600004D5421C01D12B6803B96065616B2F6081
:10977000C1B104F14403994202D02846FEF7B0FB80
:10978000002363630EE0216A01232846B0470246A6
:10979000501CC7D12B68002BC4D01D2B01D0162B19
:1097A0001AD12F6000201DE00F69002FFAD0930717
:1097B0000E6808BF4B690F6018BF0023A6EB0708AF
:1097C0008B60B8F1000FEDDD216AA66A43463A4688
:1097D0002846B047002807DCA38943F04003A38153
:1097E0004FF0FF30BDE8F0810744A8EB0008E8E740
:1097F0000100402038B50B6905460C4613B91D46DB
:10980000284638BD18B1036A0BB9FEF717FAB4F948
:109810000C30002BF3D0626ED00704D4990502D42B
:10982000A06DFEF742FB28462146FFF763FF636EFB
:10983000DA070546E4D4A3899B05E1D4A06DFEF7C1
:1098400035FBDDE7884210B501EB020402D9844202
:10985000234607D8431EA14207D011F8012B03F875
:10986000012FF8E70244824200D110BD13F8011D18
:1098700002F8011DF7E7000038B5064C0023054645
:1098800008462360FDF724F8431C02D1236803B186
:109890002B6038BD301300201FB51D46094B1B68D7
:1098A0000646D86852B1084C0091CDE901420749FB
:1098B00033462A4600F058F800F068F8044C224677
:1098C000F2E700BF90010020ECA80008F9A800080A
:1098D00027A9000870B5A1FB026535B93146FEF72E
:1098E000A3FE044628B9204670BD0C230360002463
:1098F000F9E732462946FEF74DFAF4E7024B0146F6
:109900001868FEF791BE00BF900100202DE9F041DC
:10991000074615460C4621B9BDE8F0411146FEF751
:1099200083BE2AB9FEF7DCFA2C462046BDE8F0815A
:1099300000F033F88542064602D8B5EB500FF4D854
:1099400029463846FEF770FE804608B94446ECE7E3
:10995000B5422A46214628BF3246FEF7A8FA2146DC
:109960003846FEF7BDFAF1E70EB403B5014603AB86
:10997000054853F8042B0068019300F03DF802B04D
:109980005DF804EB03B070479001002008B5062095
:1099900000F000FA0120FCF779FF51F8043C181F91
:1099A000002BBCBF0B58C01870479368013B002BBD
:1099B00010B4936007DA9469A34201DB0A2902D14B
:1099C00010BC00F02DB91368581C106019700846BF
:1099D00010BC7047F8B506460F461446D518AC4281
:1099E00001D1002007E014F8011B3A463046FFF78A
:1099F000DCFF431CF3D1F8BD2DE9F04706469CB0CF
:109A00000D4614461F4618B1036A0BB9FEF716F946
:109A10006B6ED90705D4AB899A0502D4A86DFEF701
:109A200044FAAB891B0701D52B699BB929463046FF
:109A300000F034F970B16B6EDE0704D54FF0FF30E3
:109A40001CB0BDE8F087AB899C05F7D4A86DFEF784
:109A50002DFAF3E70023099320238DF8293003978B
:109A600030236A4F8DF82A304FF0010823461A78C8
:109A700099461AB1252A03F10103F8D1B9EB040A7A
:109A80000BD05346224629463046FFF7A3FF01304C
:109A900000F0A380099A5244099299F80030002BF3
:109AA00000F09B8000224FF0FF33CDE9053209F131
:109AB0000109049207928DF853201A924C46052210
:109AC00014F8011B5148F6F77BFD049AD0B9D00673
:109AD00044BF20238DF85330110744BF2B238DF84A
:109AE000533099F800302A2B13D007994B460020A9
:109AF0004FF00A0C1A78303A092A1C464AD9A8B104
:109B0000079113E0C01B08FA00F010430490A1462F
:109B1000D4E7039B191D1B680391002BBBBF5B425D
:109B200042F0020207930793B8BF049223782E2BCA
:109B30000AD163782A2B32D1039B1A1D1B6803922A
:109B400043EAE37302340593DFF8D09021780322CF
:109B50004846F6F735FD38B1049BA0EB09004022DA
:109B60008240134301340493217829488DF828104A
:109B70000622F6F725FD00283ED0264818BB039B99
:109B8000073323F0070308330393099B034401348D
:109B900009936BE701330CFB01210120AAE70023A5
:109BA0000593611C18464FF00A0C0A78303A092ACE
:109BB0000C4603D9002BC7D00590C5E701310CFB3B
:109BC00000200123F1E703AB00932A46124B04A9BE
:109BD0003046AFF30080431CD7D16B6ED90705D454
:109BE000AB899A0502D4A86DFEF760F9AB895B06D4
:109BF0003FF524AF099823E703AB00932A46064BB1
:109C000004A93046FFF74CFCE5E700BFB9A80008FF
:109C1000C3A8000800000000D5990008BFA80008EC
:109C2000F8B505460F46144618B1036A0BB9FEF79E
:109C300005F8A369A360A3891A0701D5236943B96D
:109C40002146284600F02AF818B14FF0FF3630467A
:109C5000F8BD23692068C01A6369834205DC214688
:109C60002846FFF7C7FD0028EFD1A368013BA3609A
:109C700023685A1C22601F70636901308342FEB260
:109C800004D0A389DB07E2D50A2EE0D1214628467D
:109C9000FFF7B0FD0028DAD0D7E7000038B5284B31
:109CA000054618680C4618B1036A0BB9FDF7C6FFE4
:109CB000B4F90C30190720D4DA0607D409222A6037
:109CC00043F04003A3814FF0FF3031E0580711D536
:109CD000616B41B104F14403994202D02846FEF77A
:109CE000FFF8002363630022A38962602269226077
:109CF00023F0240343F00803A38123694BB9A3890C
:109D000003F42073B3F5007F03D02146284600F00A
:109D100081F8B4F90C3013F001020AD00022A260DD
:109D200062695242A261226942B913F08000C7D130
:109D300038BD990758BF6269A260F4E70020F7E7D1
:109D4000900100201F2938B505460C4604D916237A
:109D500003604FF0FF3038BDC26B12B152F82130B2
:109D60004BB9284600F030F8224601462846BDE8A7
:109D7000384000F017B8012B0AD0591C03D1162324
:109D800003600120E7E7002142F8241020469847AD
:109D90000020E0E7024B01461868FFF7D3BF00BF81
:109DA0009001002038B5074C0023054608461146AF
:109DB0002360FCF763FD431C02D1236803B12B60D1
:109DC00038BD00BF30130020FCF756BD70B50E46FD
:109DD000B1F90E10002996B014461D460ADAB28970
:109DE00012F0800213D14FF4806100202A602160BC
:109DF00016B070BD6A4600F047F80028EFDB019A04
:109E000002F47042A2F500535A425A41EBE7002295
:109E10004021EAE78B8973B59E0705460C4607D5B6
:109E200004F14703236023610123636102B070BD25
:109E300001AB6A46FFF7CAFF009E28463146FEF78F
:109E4000F3FBB4F90C3038B99A05EFD423F00303CF
:109E500043F00203A381E3E743F08003A381019B66
:109E60002060C4E90406002BE0D0B4F90E102846A7
:109E700000F01CF80028D9D0A38923F0030343F095
:109E80000103A381D2E7000038B5074C0023054643
:109E9000084611462360FCF73DFD431C02D12368B0
:109EA00003B12B6038BD00BF3013002038B5064C1D
:109EB0000023054608462360FCF732FD431C02D10F
:109EC000236803B12B6038BD3013002038B5002261
:109ED000002304460D46F6F735FE28B920462946EC
:109EE000BDE8384000F00AB8204605F1004100F016
:109EF00005F8404261EB410138BD00BF70B50C4B25
:109F0000002204460D46F6F7ABFBF6F743FE064685
:109F1000F6F780FA074B0022F6F7A2FB02460B4643
:109F200020462946F6F738F9F6F734FE314670BD7B
:109F30000000F03D0000F041F8B500BFF8BC08BCDF
:109F40009E467047F8B500BFF8BC08BC9E467047F7
:109F500025642E25303264002A49444E3F0000001B
:109F600054454D504354524C2C53544D3332463388
:109F700033342C312E300D0A000000002A434C539C
:109F8000000000004F4B0D0A000000002A525354FD
:109F9000000000004D4541533A54454D503F0000EC
:109FA000252E32660D0A000054454D503A53503F5D
:109FB0000000000054454D503A535020000000006E
:109FC0004552520D0A0000005049443A4B503F00A0
:109FD000252E34660D0A00005049443A4B493F0093
:109FE0005049443A4B443F005049443A4B502000BA
:109FF0005049443A4B4920005049443A4B442000D0
:10A00000453A2F55736572732F64616D69616E2FC8
:10A0100050726F796563746F732F436F6E74726FD4
:10A020006C61646F725F64655F74656D70657261A9
:10A03000747572612F6669726D776172652F436FF7
:10A040006E74726F6C61646F722D64652D74656DD2
:10A0500070657261747572612F447269766572738E
:10A060002F53544D3332463378785F48414C5F4428
:10A0700072697665722F5372632F73746D33326613
:10A080003378785F68616C5F6164635F65782E63C5
:10A0900000000000453A2F55736572732F64616D9F
:10A0A00069616E2F50726F796563746F732F436FA0
:10A0B0006E74726F6C61646F725F64655F74656DFE
:10A0C00070657261747572612F6669726D77617205
:10A0D000652F436F6E74726F6C61646F722D64656F
:10A0E0002D74656D70657261747572612F4472694B
:10A0F000766572732F53544D3332463378785F4808
:10A10000414C5F4472697665722F5372632F73748A
:10A110006D3332663378785F68616C5F636F727439
:10A1200065782E6300000000453A2F557365727301
:10A130002F64616D69616E2F50726F796563746F02
:10A14000732F436F6E74726F6C61646F725F6465BE
:10A150005F74656D70657261747572612F66697286
:10A160006D776172652F436F6E74726F6C61646F8F
:10A17000722D64652D74656D7065726174757261A0
:10A180002F447269766572732F53544D33324633C0
:10A1900078785F48414C5F4472697665722F5372DC
:10A1A000632F73746D3332663378785F68616C5FE8
:10A1B000646D612E63000000453A2F55736572731C
:10A1C0002F64616D69616E2F50726F796563746F72
:10A1D000732F436F6E74726F6C61646F725F64652E
:10A1E0005F74656D70657261747572612F666972F6
:10A1F0006D776172652F436F6E74726F6C61646FFF
:10A20000722D64652D74656D70657261747572610F
:10A210002F447269766572732F53544D333246332F
:10A2200078785F48414C5F4472697665722F53724B
:10A23000632F73746D3332663378785F68616C5F57
:10A240006770696F2E630000453A2F55736572730E
:10A250002F64616D69616E2F50726F796563746FE1
:10A26000732F436F6E74726F6C61646F725F64659D
:10A270005F74656D70657261747572612F66697265
:10A280006D776172652F436F6E74726F6C61646F6E
:10A29000722D64652D74656D70657261747572617F
:10A2A0002F447269766572732F53544D333246339F
:10A2B00078785F48414C5F4472697665722F5372BB
:10A2C000632F73746D3332663378785F68616C5FC7
:10A2D000687274696D2E6300453A2F557365727309
:10A2E0002F64616D69616E2F50726F796563746F51
:10A2F000732F436F6E74726F6C61646F725F64650D
:10A300005F74656D70657261747572612F666972D4
:10A310006D776172652F436F6E74726F6C61646FDD
:10A32000722D64652D74656D7065726174757261EE
:10A330002F447269766572732F53544D333246330E
:10A3400078785F48414C5F4472697665722F53722A
:10A35000632F73746D3332663378785F68616C5F36
:10A360006932632E63000000453A2F55736572739E
:10A370002F64616D69616E2F50726F796563746FC0
:10A38000732F436F6E74726F6C61646F725F64657C
:10A390005F74656D70657261747572612F66697244
:10A3A0006D776172652F436F6E74726F6C61646F4D
:10A3B000722D64652D74656D70657261747572615E
:10A3C0002F447269766572732F53544D333246337E
:10A3D00078785F48414C5F4472697665722F53729A
:10A3E000632F73746D3332663378785F68616C5FA6
:10A3F0007263632E63000000453A2F5573657273D4
:10A400002F64616D69616E2F50726F796563746F2F
:10A41000732F436F6E74726F6C61646F725F6465EB
:10A420005F74656D70657261747572612F666972B3
:10A430006D776172652F436F6E74726F6C61646FBC
:10A44000722D64652D74656D7065726174757261CD
:10A450002F447269766572732F53544D33324633ED
:10A4600078785F48414C5F4472697665722F537209
:10A47000632F73746D3332663378785F68616C5F15
:10A480007263635F65782E6300000000453A2F55C4
:10A49000736572732F64616D69616E2F50726F798D
:10A4A0006563746F732F436F6E74726F6C61646F4A
:10A4B000725F64655F74656D7065726174757261F9
:10A4C0002F6669726D776172652F436F6E74726F5C
:10A4D0006C61646F722D64652D74656D7065726159
:10A4E000747572612F447269766572732F53544D7F
:10A4F0003332463378785F48414C5F447269766501
:10A50000722F5372632F73746D3332663378785FB2
:10A5100068616C5F756172742E6300004552523A37
:10A5200052585F4255464645525F4F564552464C3B
:10A530004F570D0A0000000054656D70203D20004B
:10A5400053657450203D2000503A0000493A000005
:10A55000443A0000555341525432000000000000BC
:10A5600000000000002F000000000700070000149A
:10A570007F147F1400242A7F2A12006264081323A8
:10A5800000364955225000000503000000001C223F
:10A590004100000041221C000014083E081400087D
:10A5A000083E0808000000A060000008080808082D
:10A5B000000060600000002010080402003E5149C5
:10A5C000453E0000427F4000004261514946002163
:10A5D00041454B31001814127F100027454545397D
:10A5E000003C4A49493000017109050300364949D8
:10A5F000493600064949291E000036360000000091
:10A6000056360000000814224100001414141414DB
:10A610000000412214080002015109060032495984
:10A62000513E007C1211127C007F49494936003EA0
:10A6300041414122007F4141221C007F494949415B
:10A64000007F09090901003E4149497A007F080855
:10A65000087F0000417F4100002040413F01007F12
:10A6600008142241007F40404040007F020C027FDE
:10A67000007F0408107F003E4141413E007F0909F0
:10A680000906003E4151215E007F09192946004616
:10A69000494949310001017F0101003F4040403FED
:10A6A000001F2040201F003F4038403F0063140837
:10A6B0001463000708700807006151494543000012
:10A6C0007F414100000204081020000041417F004A
:10A6D000000402010204004040404040000001022A
:10A6E0000400002054545478007F48444438003813
:10A6F0004444442000384444487F0038545454189B
:10A7000000087E0901020018A4A4A47C007F0804AC
:10A7100004780000447D4000004080847D00007F7C
:10A72000102844000000417F4000007C0418047899
:10A73000007C0804047800384444443800FC242495
:10A7400024180018242418FC007C0804040800487D
:10A750005454542000043F444020003C4040207C9E
:10A76000001C2040201C003C4030403C004428108D
:10A770002844001CA0A0A07C004464544C44001455
:10A78000141414140102030405060708090A0B0C2B
:10A790000D0E0F1002030405060708090A0B0C0D25
:10A7A0000E0F101004080200000000000102030454
:10A7B0000000000000000000010203040607080971
:10A7C0002E006E6600696E69747900616E00430048
:10A7D000504F5349580042616C6C6F63207375632E
:10A7E000636565646564002F646174612F6A656EDA
:10A7F0006B696E732F776F726B73706163652F4730
:10A800004E552D746F6F6C636861696E2F61726D48
:10A810002D31352F7372632F6E65776C69622D63EE
:10A82000796777696E2F6E65776C69622F6C6962E4
:10A83000632F7374646C69622F6764746F612D6732
:10A8400065746865782E63005245454E54206D61ED
:10A850006C6C6F6320737563636565646564002F5A
:10A86000646174612F6A656E6B696E732F776F72A6
:10A870006B73706163652F474E552D746F6F6C63FA
:10A880006861696E2F61726D2D31352F7372632F80
:10A890006E65776C69622D63796777696E2F6E6577
:10A8A000776C69622F6C6962632F7374646C696280
:10A8B0002F6D707265632E6300232D302B2000688E
:10A8C0006C4C00656667454647003031323334359D
:10A8D000363738394142434445460030313233340B
:10A8E0003536373839616263646566002C206675D9
:10A8F0006E6374696F6E3A20006173736572746978
:10A900006F6E2022257322206661696C65643A208F
:10A9100066696C6520222573222C206C696E652087
:10A920002564257325730A0034000000CEFBFFFF69
:10A93000CB03000001000000000000003500000013
:10A94000CEFBFFFFCB030000010000000000000071
:10A95000BC89D897B2D29C3C33A7A8D523F64939F5
:10A960003DA7F444FD0FA5329D978CCF08BA5B2517
:10A97000436FAC6428066811050000001900000050
:10A980007D000000000000000080E03779C34143F3
:10A99000176E05B5B5B89346F5F93FE9034F384D45
:10A9A000321D30F94877825A3CBF737FDD4F1575F1
:10A9B000000000000000F03F000000000000244004
:10A9C00000000000000059400000000000408F40DF
:10A9D000000000000088C34000000000006AF8404A
:10A9E0000000000080842E4100000000D01263416E
:10A9F0000000000084D797410000000065CDCD41E4
:10AA0000000000205FA00242000000E876483742C4
:10AA1000000000A2941A6D42000040E59C30A24262
:10AA20000000901EC4BCD64200003426F56B0C43D7
:10AA30000080E03779C3414300A0D885573476437E
:10AA400000C84E676DC1AB43003D9160E458E143DF
:10AA5000408CB5781DAF154450EFE2D6E41A4B4454
:10AA600092D54D06CFF08044F64AE1C7022DB54499
:10AA7000B49DD9794378EA4400202020202020206A
:10AA8000202028282828282020202020202020209E
:10AA900020202020202020202088101010101010AE
:10AAA00010101010101010101004040404040404FA
:10AAB0000404041010101010101041414141414194
:10AAC0000101010101010101010101010101010176
:10AAD0000101010110101010101042424242424286
:10AAE0000202020202020202020202020202020246
:10AAF00002020202101010102000000000000000EE
:10AB00000000000000000000000000000000000045
:10AB10000000000000000000000000000000000035
:10AB20000000000000000000000000000000000025
:10AB30000000000000000000000000000000000015
:10AB40000000000000000000000000000000000005
:10AB500000000000000000000000000000000000F5
:10AB600000000000000000000000000000000000E5
:0CAB7000000000000000000000000000D9
:08AB7C002C5AFF7F01000000CC
:04AB84003D0C00087C
:04AB8800150C0008A0
:10AB8C000000A041010000001000000000127A003B
:10AB9C000000A0410000A0410000000003000000E4
:10ABAC00F411002043000000000000000000000031
:10ABBC000000000000000000000000000000000089
:10ABCC000000000043000000000000000000000036
:10ABDC000000000000000000000000000000000069
:10ABEC000000000043000000000000000000000016
:10ABFC000000000000000000000000000000000049
:10AC0C0000000000430000000000000000000000F5
:10AC1C000000000000000000000000000000000028
:10AC2C0000000000430000000000000000000000D5
:10AC3C000000000000000000000000000000000008
:10AC4C0000000000430000000000000000000000B5
:10AC5C0000000000000000000000000000000000E8
:10AC6C000000000043000000000000000000000095
:10AC7C0000000000000000000000000000000000C8
:10AC8C0000000000EB900008218700080000000085
:10AC9C0078AA0008C0A7000827A9000827A900085F
:10ACAC0027A9000827A9000827A9000827A9000838
:10ACBC0027A9000827A9000827A90008FFFFFFFF04
:10ACCC00FFFFFFFFFFFFFFFFFFFF000001004153ED
:10ACDC004349490000000000000000000000000093
:10ACEC0000000000000000000000000000004153C4
:10ACFC004349490000000000000000000000000073
:10AD0C000000000000000000000000000000000037
:10AD1C009401002000000000F41100205C120020BF
:10AD2C00C412002000000000000000000000000021
:10AD3C000000000000000000000000000000000007
:10AD4C0000000000000000000000000000000000F7
:10AD5C0000000000000000000000000000000000E7
:04000005080024D1FA
:00000001FF
